ticker,price
A,148.0
AA,49.21
AAC,10.0
AAC.U,10.01
AAC.WS,0.048
AACG,1.71
AACI,9.97
AACIW,0.031
AADI,13.41
AAIC,3.12
AAIC-PB,17.85
AAIC-PC,21.08
AAL,14.61
AAM-PA,24.29
AAM-PB,24.62
AAMC,19.5
AAME,2.96
AAN,10.76
AAOI,2.35
AAON,80.24
AAP,183.94
AAPL,150.04
AAQC,10.01
AAQC.U,10.01
AAQC.WS,0.006
AAT,28.24
AATC,4.15
AAU,0.256
AAWW,100.46
AB,40.52
ABB,31.31
ABBV,153.04
ABC,152.78
ABCB,52.61
ABCL,14.49
ABCM,16.9
ABEO,4.04
ABEV,3.0
ABG,180.27
ABGI,10.0
ABIO,2.0
ABM,45.05
ABMD,374.2
ABNB,107.01
ABOS,6.45
ABR,14.84
ABR-PD,18.71
ABR-PE,17.81
ABSI,3.115
ABST,9.53
ABT,103.14
ABUS,2.79
ABVC,0.717
AC,41.15
ACA,59.65
ACAB,10.07
ACAC,10.08
ACAD,15.69
ACAH,9.89
ACAHW,0.02
ACAQ,10.18
ACAQ.U,10.15
ACAQ.WS,0.1
ACAX,9.9
ACAXR,0.15
ACAXU,10.04
ACAXW,0.04
ACB,1.54
ACBA,10.54
ACBAW,0.09
ACCD,9.55
ACCO,5.48
ACDC,24.6
ACDCW,0.06
ACDI,10.23
ACDI.U,10.22
AJX,8.15
ACDI.WS,0.02
ACEL,9.04
ACER,1.21
ACET,20.34
ACEV,10.3
ACEVU,10.3
ACEVW,0.17
ACGL,56.21
ACGLN,18.5
ACGLO,21.77
ACHC,81.16
ACHL,1.73
ACHR,2.69
ACHR.WS,0.5
ACHV,2.32
ACI,20.73
ACII,10.03
ACII.U,10.023
ACIU,2.61
ACIW,21.61
ACLS,78.1
ACLX,21.75
ACM,79.81
ACMR,9.7
ACN,292.65
ACNB,38.24
ACNT,10.95
ACON,0.988
ACONW,0.27
ACOR,0.653
ACQR,10.01
ACR,10.11
ACR-PC,21.77
ACR-PD,18.96
ACRE,12.23
ACRO,9.84
ACRO.U,9.85
ACRS,17.98
ACRX,2.52
ACST,0.497
ACT,25.74
ACTG,3.94
ACU,25.39
ACVA,8.74
ACXP,3.12
ADAG,1.19
ADAL,10.16
ADALU,10.19
ADAP,2.38
ADBE,345.96
ADC,69.59
ADC-PA,17.04
ADCT,4.41
ADD,0.96
ADEA,10.28
ADER,9.975
ADERU,10.1
ADERW,0.3
ADES,2.84
ADEX,9.975
ADI,165.17
ADIL,0.294
ADILW,0.03
ADM,94.53
ADMA,3.24
ADMP,0.215
ADN,1.96
ADNT,40.11
ADNWW,0.255
ADOCR,0.05
ADOCW,0.02
ADP,253.32
ADPT,9.09
ADRA,10.04
ADRT,10.12
ADRT.U,10.1
ADSE,5.41
ADSEW,0.593
ADSK,232.3
ADT,9.25
ADTH,2.04
ADTN,21.54
ADTX,1.86
ADUS,106.26
ADV,2.65
ADVM,0.701
ADVWW,0.209
ADXN,0.815
AE,40.38
AEAC,10.01
AEACW,0.007
AEAE,10.06
AEAEU,10.03
AEAEW,0.15
AEE,83.42
AEG,4.72
AEHA,10.24
AEHL,0.53
AEHR,25.65
AEI,0.156
AEIS,93.28
AEL,36.89
AEL-PA,21.46
AEL-PB,23.84
AEM,48.1
AEMD,0.455
AENZ,0.8
AEO,13.02
AEP,89.22
AEPPZ,49.938
AER,58.41
AERC,3.26
AERI,15.23
AES,27.78
AESE,1.285
AEVA,2.28
AEVA.WS,0.27
AEY,2.03
AEYE,6.77
AEZS,3.77
AFAC,10.2
AFACW,0.002
AFAQ,10.0
AFAR,10.13
AFARU,10.15
AFBI,14.52
AFCG,15.97
AFG,138.65
AFIB,0.66
AFL,70.23
AFMD,2.27
AFRI,11.3
AFRIW,0.35
AFRM,17.31
AFTR,9.91
AFTR.U,9.9
AFTR.WS,0.1
AFYA,16.17
AG,9.2
AGAC,9.98
AGAC.U,9.98
AGAC.WS,0.017
AGBA,5.0
AGBAW,0.06
AGCB,10.0
AGCO,124.44
AGE,0.63
AGEN,3.17
AGFS,2.81
AGFY,1.22
AGGR,10.01
AGGRU,9.97
AGGRW,0.029
AGI,8.93
AGIL,4.3
AGIO,28.41
AGL,18.79
AGLE,1.28
AGM,123.26
AGM-PC,28.45
AGM-PD,21.084
AGM-PE,21.35
AGM-PF,19.77
AGM-PG,18.41
AGMH,1.64
AGNC,9.59
AGNCL,21.6
AGNCM,20.16
AGNCN,24.25
AGNCO,21.18
AGNCP,20.36
AGO,59.55
AGR,40.92
AGRI,1.06
AGRIW,0.2
AGRO,8.03
AGRX,0.232
AGS,5.5
AGTC,0.381
AGTI,15.69
AGX,37.0
AGYS,67.0
AHCO,21.94
AHG,0.419
AHH,12.09
AHH-PA,21.09
AHI,0.42
AHL-PC,22.84
AHL-PD,20.1
AHL-PE,20.2
AHPI,1.19
AHRN,10.16
AHRNW,0.07
AHT,6.9
AHT-PD,21.25
AHT-PF,17.85
AHT-PG,17.71
AHT-PH,17.17
AHT-PI,17.29
AI,14.29
AIB,10.13
AIBBR,0.1
AIBBU,10.2
AIG,60.54
AIG-PA,23.77
AIH,1.47
AIHS,0.95
AIKI,4.26
AIM,0.496
AIMBU,9.89
AIMC,57.61
AIMD,1.085
AIMDW,0.44
AIN,104.34
AINC,14.1
AIP,5.42
AIR,45.09
AIRC,36.92
AIRG,7.61
AIRI,5.52
AIRS,3.09
AIRT,21.43
AIRTP,22.07
AIT,102.08
AIU,1.24
AIV,7.75
AIZ,124.62
AJG,187.78
AJRD,49.64
AKA,1.99
AKAM,92.46
AKAN,0.264
AKBA,0.257
AKIC,10.04
AKICW,0.033
AKLI,1.83
AKO.A,9.0
AKO.B,11.61
AKR,15.23
AKRO,44.78
AKTS,3.85
AKTX,0.571
AKU,1.19
AKUS,13.5
AKYA,13.03
AL,37.44
AL-PA,24.32
ALB,295.86
ALBO,22.3
ALC,63.37
ALCC,9.83
ALCO,31.56
ALDX,5.67
ALE,63.51
ALEC,8.65
ALEX,19.77
ALG,146.7
ALGM,29.27
ALGN,212.92
ALGS,1.02
ALGT,83.35
ALHC,13.51
ALIM,4.69
ALIT,8.76
ALK,46.85
ALKS,22.58
ALKT,13.89
ALL,132.03
ALL-PB,24.38
ALL-PG,23.22
ALL-PH,21.49
ALL-PI,20.53
ALLE,112.64
ALLG,3.22
ALLG.WS,0.215
ALLK,5.98
ALLO,9.9
ALLR,0.5
ALLT,4.34
ALLY,27.29
ALNY,214.29
ALOR,10.17
ALORU,10.14
ALORW,0.031
ALOT,12.28
ALPAW,0.12
ALPN,6.25
ALPP,0.765
ALPS,5.57
ALR,0.832
ALRM,53.99
ALRN,3.36
ALRS,23.03
ALSA,10.18
ALSAU,10.28
ALSAW,0.018
ALSN,39.525
ALT,10.92
ALTG,12.54
ALTG-PA,25.88
ALTO,3.94
ALTR,50.07
ALTU,9.87
ALTUW,0.047
ALV,88.21
ALVO,5.76
ALVOW,0.677
ALVR,8.0
ALX,249.1501
ALXO,11.6
ALYA,1.88
ALZN,1.12
AM,11.2
AMAL,25.43
AMAM,0.68
AMAO,9.98
AMAOU,9.98
AMAOW,0.06
AMAT,110.46
AMBA,68.02
AMBC,14.76
AMBC.WS,1.15
AMBO,0.29
AMBP,4.44
AMBP.WS,0.4
AMC,7.95
AMCI,9.83
AMCIU,9.92
AMCIW,0.22
AMCR,11.77
AMCX,21.49
AMD,76.37
AME,138.58
AMED,90.3
AMEH,33.78
AMG,156.13
AMGN,283.6
AMH,31.86
AMH-PG,22.45
AMH-PH,23.271
AMK,23.14
AMKR,28.47
AMLX,35.44
AMN,120.69
AMNB,38.17
AMOT,36.24
AMOV,19.74
AMP,323.42
AMPG,2.44
AMPGW,0.487
AMPH,28.37
AMPI.U,10.01
AMPL,14.94
AMPS,7.6
AMPX,10.01
AMPY,8.94
AMR,168.01
AMRC,63.61
AMRK,33.49
AMRN,1.28
AMRS,2.41
AMRX,2.3
AMS,2.937
AMSC,4.18
AMSF,56.06
AMST,0.265
AMSWA,17.22
AMT,219.58
AMTB,30.15
AMTD,1.02
AMTI,1.13
AMTX,6.28
AMV,10.4
AMWD,54.28
AMWL,4.17
AMX,20.0
AMYT,7.17
AMZN,98.94
AN,120.69
ANAB,29.96
ANAC,10.0
ANAC.U,10.0
ANAC.WS,0.041
ANDE,38.11
ANEB,2.52
ANET,132.65
ANF,19.3
ANGH,2.905
ANGHW,0.114
ANGI,2.28
ANGN,0.85
ANGO,13.82
ANIK,31.25
ANIP,36.6
ANIX,5.01
ANNX,6.02
ANPC,3.84
ANSS,254.21
ANTE,0.641
ANTX,14.7
ANVS,13.55
ANY,0.39
ANZU,9.945
ANZUW,0.043
AOGO,9.99
AOGOU,10.06
AOGOW,0.055
AOMR,9.79
AON,291.89
AORT,12.59
AOS,60.39
AOSL,54.59
AOUT,8.8
AP,3.04
APA,49.04
APAC,10.19
APACU,10.12
APACW,0.018
APAM,33.56
APCA,10.23
APCX,0.75
APCXW,0.15
APD,294.54
APDN,1.56
APE,1.43
APEI,13.02
APEN,6.53
APG,18.91
APGB,9.98
APGB.U,9.98
APGB.WS,0.065
APGN,2.2
APGNW,0.077
APH,79.7
API,3.77
APLD,2.45
APLE,16.27
APLS,46.61
APLT,0.849
APM,0.67
APMI,9.82
APMIU,9.78
APMIW,0.097
APN,10.13
APN.WS,0.012
APO,64.54
APOG,47.53
APP,15.52
APPF,121.9
APPH,1.43
APPHW,0.25
APPN,41.57
APPS,19.71
APRE,0.41
APRN,1.15
APT,4.17
APTM,9.91
APTMU,9.97
APTO,0.682
APTV,111.15
APTV-PA,125.56
APTX,0.328
APVO,4.785
APWC,1.22
APXI,10.2
APYX,1.74
AQB,0.733
AQMS,0.81
AQN,7.79
AQST,1.05
AQU,10.0
AQUA,44.79
AQUNR,0.29
AQUNU,10.24
AR,37.34
ARAV,1.57
ARAY,2.31
ARBE,4.18
ARBEW,0.35
ARBG,10.011
ARBGU,10.19
ARBGW,0.05
ARBK,0.904
ARC,2.79
ARCB,85.4
ARCC,19.47
ARCE,9.74
ARCH,145.235
ARCKU,10.08
ARCO,7.3
ARCT,18.0
ARDS,0.84
ARDX,1.22
ARE,149.82
AREB,0.29
AREBW,0.051
AREC,1.79
AREN,13.99
ARES,80.26
ARGO,25.94
ARGO-PA,21.29
ARGU,10.12
ARGUU,10.14
ARGUW,0.066
ARGX,370.15
ARHS,8.96
ARI,12.07
ARIS,17.49
ARIZ,9.98
ARKO,9.2
ARKOW,1.75
ARKR,19.525
ARL,19.06
ARLO,4.19
ARLP,14.42
ARMK,40.55
ARMP,2.9
ARNC,20.32
AROC,8.83
AROW,35.23
ARQQ,7.86
ARQQW,1.21
ARQT,19.44
ARR,5.69
ARR-PC,19.95
ARRWW,0.034
ARRY,21.03
ARTE,9.99
ARTEW,0.111
ARTL,2.91
ARTLW,0.08
ARTNA,52.3
ARTW,2.0
ARVL,0.491
ARVN,57.24
ARW,111.31
ARWR,33.66
ARYD,10.0
ASAI,18.4
ASAN,22.03
ASAX,9.95
ASAXU,9.95
ASB,23.88
ASB-PE,22.91
ASB-PF,22.276
ASC,14.01
ASCA,10.14
ASCAW,0.022
ASCB,10.07
ASCBU,10.14
ASGN,89.76
ASH,111.68
ASIX,39.84
ASLE,17.75
ASLN,0.498
ASM,0.685
ASMB,1.39
ASML,597.47
ASND,110.15
ASNS,0.622
ASO,35.99
ASPA,10.21
ASPAW,0.07
ASPI,2.63
ASPN,13.69
ASPS,14.83
ASPU,0.422
ASR,245.96
ASRT,2.94
ASRV,3.97
ASTC,0.42
ASTE,43.58
ASTI,3.25
ASTL,6.73
ASTLW,1.12
ASTR,0.614
ASTS,9.27
ASTSW,2.86
ASUR,6.94
ASX,6.36
ASXC,0.468
ASYS,10.15
ASZ,9.98
ATA,10.52
ATAI,2.88
ATAK,10.12
ATAKW,0.017
ATAQ,10.0
ATAX,18.58
ATCO,15.32
ATCO-PD,24.07
ATCO-PH,21.11
ATCO-PI,21.45
ATCOL,23.8
ATCX,6.36
ATEC,10.48
ATEK,9.97
ATEN,18.25
ATER,1.22
ATEX,36.98
ATGE,39.73
ATH-PA,24.9
ATH-PB,21.95
ATH-PC,25.48
ATH-PD,18.805
ATHA,3.15
ATHE,0.4
ATHM,31.69
ATHX,0.581
ATI,29.02
ATIF,1.44
ATIP,0.58
ATIP.WS,0.039
ATKR,106.4
ATLC,28.75
ATLCP,22.27
ATLO,22.6
ATNF,0.434
ATNFW,0.035
ATNI,49.28
ATNM,12.27
ATNX,0.203
ATO,111.58
ATOM,9.61
ATOS,0.821
ATR,104.69
ATRA,5.01
ATRC,47.45
ATRI,620.93
ATRO,8.9
ATSG,28.77
ATTO,3.82
ATUS,4.85
ATVI,73.88
ATXG,1.89
ATXI,1.66
ATXS,8.59
ATY,1.71
AU,17.75
AUB,34.75
AUBAP,24.98
AUBN,23.4
AUD,0.41
AUDC,20.73
AUGX,1.36
AUID,0.96
AUMN,0.266
AUPH,5.15
AUR,1.86
AURA,13.6
AURC,9.95
AURCU,9.963
AUROW,0.253
AUS,9.99
AUS.U,10.0
AUST,1.07
AUTL,2.0
AUUD,1.59
AUUDW,0.264
AUVI,0.971
AUVIP,22.775
AUY,5.04
AVA,38.65
AVAC,10.09
AVACW,0.06
AVAH,0.881
AVAL,2.31
AVAV,93.73
AVB,168.97
AVCT,1.0
AVCTW,0.034
AVD,22.59
AVDL,8.05
AVDX,9.27
AVEO,14.88
AVGO,524.42
AVGR,1.11
AVHI,10.15
AVHIW,0.005
AVID,27.51
AVIR,5.18
AVNS,26.47
AVNT,33.41
AVNW,30.65
AVO,16.42
AVPT,5.02
AVPTW,0.854
AVRO,0.748
AVT,45.27
AVTE,19.47
AVTR,21.18
AVTX,5.8
AVXL,12.21
AVY,185.28
AVYA,1.63
AWH,0.413
AWI,76.94
AWK,146.02
AWR,96.24
AWRE,1.77
AWX,2.89
AX,42.64
AXAC,10.25
AXAC.WS,0.055
AXDX,1.22
AXGN,12.13
AXL,10.05
AXLA,1.1
AXNX,64.38
AXON,187.96
AXP,153.89
AXR,11.5
AXS,54.89
AXS-PE,21.14
AXSM,54.92
AXTA,26.21
AXTI,5.25
AY,27.3
AYI,191.23
AYLA,0.581
AYRO,0.59
AYTU,0.196
AYX,48.53
AZ,0.95
AZEK,19.88
AZN,63.95
AZO,2425.6
AZPN,248.24
AZRE,6.04
AZTA,56.75
AZUL,7.88
AZYO,8.2
AZZ,40.72
B,39.44
BA,175.35
BABA,79.3
BAC,37.7
BAC-PB,24.84
BAC-PE,19.13
BAC-PK,24.29
BAC-PL,1210.8
BAC-PM,22.67
BAC-PN,21.18
BAC-PO,18.41
BAC-PP,17.5
BAC-PQ,17.73
BAC-PS,20.05
BACA,10.005
BACA.WS,0.044
BACK,0.345
BAFN,16.14
BAH,104.3
BAK,11.8
BALL,55.49
BALY,24.96
BAM,46.38
BAMR,46.4
BANC,16.99
BAND,21.4
BANF,100.57
BANR,69.81
BAOS,1.0
BAP,157.0
BARK,1.89
BARK.WS,0.19
BASE,12.73
BATL,13.46
BATRA,31.35
BATRK,30.87
BAX,54.34
BB,4.84
BBAI,1.05
BBAI.WS,0.051
BBAR,2.77
BBBY,3.73
BBCP,7.28
BBD,2.81
BBDC,9.0
BBDO,2.45
BBGI,1.05
BBIG,0.832
BBIO,10.45
BBLG,0.322
BBLN,0.548
BBSI,95.99
BBU,20.99
BBUC,22.71
BBVA,5.53
BBW,18.66
BBWI,33.92
BBY,75.6
BC,74.38
BC-PA,24.35
BC-PB,26.04
BC-PC,24.15
BCAB,8.8
BCAN,3.0
BCBP,19.88
BCC,72.8
BCDA,1.88
BCDAW,0.77
BCE,46.65
BCEL,1.52
BCH,18.75
BCLI,1.73
BCML,18.81
BCO,61.15
BCOR,24.16
BCOV,5.66
BCOW,10.16
BCPC,142.73
BCRX,13.24
BCS,7.5
BCSA,10.11
BCSAU,10.15
BCSAW,0.06
BCSF,13.78
BCTX,5.49
BCTXW,2.14
BCV-PA,23.905
BCYC,28.24
BDC,81.2
BDL,28.01
BDN,6.64
BDSX,1.06
BDTX,2.37
BDX,222.37
BDXB,46.38
BE,21.99
BEAM,49.18
BEAT,3.7
BEATW,0.61
BECN,63.0185
BEDU,2.84
BEEM,16.87
BEEMW,10.77
BEKE,14.93
BELFA,36.57
CHE,496.68
BELFB,36.87
BEN,26.92
BEP,30.02
BEP-PA,17.3
BEPC,32.27
BERY,52.95
BEST,0.7
BF.A,69.92
BF.B,69.25
BFAC,10.15
BFAC.WS,0.08
BFAM,75.52
BFC,91.59
BFH,39.52
BFI,2.27
BFIIW,0.141
BFIN,9.84
BFLY,3.7
BFLY.WS,0.52
BFRI,1.02
BFRIW,0.38
BFS,42.64
BFS-PD,20.22
BFS-PE,19.92
BFST,23.76
BG,99.76
BGCP,4.08
BGFV,13.56
BGI,5.15
BGNE,207.71
BGRY,1.13
BGRYW,0.15
BGS,14.14
BGSF,13.16
BGSX,9.94
BGXX,0.58
BH,142.0
BH.A,671.78
BHAC,10.03
BHACU,10.08
BHAT,0.73
BHB,30.46
BHC,7.18
BHE,28.86
BHF,54.51
BHFAM,16.4
BHFAN,18.95
BHFAO,24.16
BHFAP,23.46
BHG,1.02
BHIL,3.28
BHIL.WS,0.38
BHLB,30.77
BHM,23.47
BHP,59.69
BHR,3.69
BHR-PB,15.73
BHR-PD,24.225
BHVN,15.74
BIAF,2.81
BIAFW,0.32
BIDU,99.7
BIG,20.18
BIGC,10.38
BIIB,299.78
BILI,16.28
BILL,129.85
BIMI,0.251
BIO,421.11
BIO.B,427.7
BIOC,0.84
BIOL,1.8
BIOR,0.267
BIOS,10.15
BIOSU,10.19
BIOT,10.0
BIOTU,9.99
BIOTW,0.031
BIOX,13.97
BIP,37.85
BIP-PA,15.58
BIP-PB,15.2
BIPC,44.94
BIRD,2.98
BITE,9.97
BITE.U,9.97
BITE.WS,0.029
BITF,0.75
BIVI,4.97
BJ,78.47
BJDX,0.724
BJRI,32.06
BK,43.83
BKCC,3.83
BKD,4.92
BKE,40.42
BKH,67.4
BKI,59.66
BKKT,2.16
BKKT.WS,0.39
BKNG,2001.9
BKR,30.89
BKSC,17.0
BKSY,1.75
BKSY.WS,0.199
BKTI,2.74
BKU,38.23
BKYI,1.19
BL,71.42
BLBD,11.97
BLBX,0.51
BLCM,1.07
BLCO,15.06
BLD,155.0
BLDE,5.0
BLDEW,0.82
BLDP,6.43
BLDR,64.06
BLEU,9.965
BLEUW,0.021
BLFS,24.6
BLFY,12.65
BLI,3.24
BLIN,1.33
BLK,740.31
BLKB,59.21
BLMN,23.33
BLND,2.18
BLNG,9.99
BLNK,14.71
BLNKW,10.64
BLPH,1.11
BLRX,0.68
BLTE,25.1
BLTS,10.03
BLTSU,10.02
BLTSW,0.01
BLU,9.19
BLUA,10.0
BLUE,7.7
BLX,16.25
BLZE,4.64
BMA,13.32
BMAC,10.085
BMAC.U,10.03
BMAC.WS,0.045
BMAQ,10.14
BMAQR,0.08
BMAQU,10.22
BMAQW,0.031
BMBL,25.68
BMEA,8.06
BMI,116.01
BML-PG,18.86
BML-PH,18.8
BML-PJ,19.9
BML-PL,19.8
BMO,99.61
BMRA,3.32
BMRC,35.11
BMRN,86.18
BMTX,6.93
BMTX.WS,0.75
BMY,76.28
BNED,2.98
BNFT,10.36
BNGO,2.81
BNGOW,0.319
BNIX,10.05
BNIXW,0.022
BNL,17.62
BNNR,9.98
BNOX,8.5
BNR,2.28
BNRG,2.313
BNS,52.35
BNSO,3.202
BNTC,0.173
BNTX,163.73
BOAC,9.8
BOAC.U,9.855
BOAC.WS,0.135
BOC,26.82
BOCN,10.14
BODY,0.893
BODY.WS,0.1
BOH,80.94
BOH-PA,17.99
BOKF,104.77
BOLT,1.28
BON,1.12
BOOM,20.41
BOOT,62.54
BORR,5.07
BOSC,2.32
BOTJ,11.97
BOWL,13.64
BOX,29.04
BOXD,0.605
BOXD.WS,0.055
BOXL,0.494
BP,33.91
BPAC,10.17
BPACW,0.018
BPMC,43.63
BPOP,72.67
BPRN,31.86
BPTH,1.53
BPTS,0.453
BPYPM,15.79
BPYPN,14.81
BPYPO,16.22
BPYPP,16.76
BQ,1.27
BR,142.6
BRAC,10.05
BRACU,10.13
BRAG,3.12
BRBR,24.76
BRBS,13.22
BRC,48.42
BRCC,6.35
BRD.U,10.07
BRDG,15.02
BRDS,0.294
BRDS.WS,0.034
BREZ,10.37
BREZR,0.18
BREZW,0.078
BRFH,1.583
BRFS,2.14
BRID,11.4
BRIVW,0.094
BRK.A,468232.75
BRK.B,309.98
BRKH,10.05
BRKL,13.82
BRKR,68.86
BRLI,10.62
BRLIR,0.23
BRLT,6.31
BRMK,5.11
BRMK.WS,0.03
BRN,3.2
BRO,55.8
BROG,7.82
BROS,33.87
BRP,27.59
BRQS,0.524
BRSH,0.75
BRSHW,0.32
BRSP,7.22
BRT,20.46
BRTX,2.94
BRX,22.42
BRY,9.1
BRZE,28.22
BSAC,15.11
BSAQ,9.92
BSBK,11.23
BSBR,5.32
BSET,18.61
BSFC,0.84
BSGA,10.35
BSGAR,0.15
BSGAU,10.12
BSGM,0.44
BSIG,25.63
BSKY,9.87
BSKYU,9.9
BSM,12.15
BSMX,6.1
BSQR,1.06
BSRR,21.46
BSVN,25.9
BSX,42.42
BSX-PA,107.72
BSY,39.93
BTAI,16.1
BTB,0.168
BTBD,2.0
BTBT,1.21
BTCM,0.246
BTCS,3.7308
BTCY,1.02
BTG,3.45
BTI,38.5
BTMD,3.97
BTMDW,0.28
BTN,2.36
BTOG,0.21
BTRS,9.47
BTTR,0.921
BTTX,1.44
BTU,21.96
BTWN,9.84
BTWNU,9.87
BTWNW,0.155
BUD,54.75
BUR,8.83
BURL,156.63
BUSE,26.82
BV,9.13
BVH,21.16
BVN,8.11
BVS,3.28
BVXV,0.951
BW,5.21
BW-PA,16.27
BWA,42.79
BWAC,10.39
BWACW,0.011
BWAY,3.2
BWB,19.07
BWBBP,20.1
BWC,9.74
BWCAU,9.3
BWCAW,0.242
BWEN,1.83
BWFG,30.28
BWMN,18.25
BWMX,7.25
BWV,1.35
BWXT,59.51
BX,97.61
BXC,69.37
BXMT,25.12
BXP,74.39
BXRX,0.165
BXSL,24.32
BY,22.87
BYD,60.27
BYFC,1.05
BYN,10.09
BYN.WS,0.03
BYND,46.08
BYNO,10.11
BYNOW,0.05
BYRN,10.01
BYSI,0.73
BYTS,10.0
BZ,17.19
BZFD,1.705
BZFDW,0.08
BZH,12.59
BZUN,4.4
C,49.03
C-PJ,25.14
C-PK,24.83
C-PN,28.36
CAAP,8.28
CAAS,4.16
CABA,3.57
CABO,720.05
CAC,43.44
CACC,495.75
CACI,289.73
CADE,28.77
CADE-PA,20.84
CADL,1.81
CAE,21.96
CAG,34.38
CAH,74.32
CAJ,22.43
CAKE,36.82
CAL,27.33
CALA,2.38
CALB,23.02
CALM,53.61
CALT,16.5
CALX,67.07
CAMP,3.74
CAMT,25.7
CAN,3.14
CANF,0.83
CANG,2.5
CANO,2.1
CANO.WS,0.525
CAPL,20.32
CAPR,4.085
CAR,236.98
CARA,11.33
CARE,18.36
CARG,14.54
CARR,44.35
CARS,14.8
CARV,4.27
CASA,2.85
CASH,44.18
CASI,1.95
CASS,43.37
CASY,236.41
CAT,234.59
CATC,90.0
CATO,11.61
CATY,46.08
CB,206.63
CBAN,13.75
CBAT,1.24
CBAY,3.67
CBD,3.89
CBFV,21.975
CBIO,0.555
CBL,29.1
CBNK,23.88
CBRE,75.56
CBRGU,10.2
CBRGW,0.1
CBRL,117.11
CBSH,72.5
CBT,72.75
CBU,65.38
CBZ,47.87
CC,29.18
CCAI,9.92
CCAIU,9.94
CCAIW,0.15
CCAP,14.12
CCB,48.68
CCBG,35.52
CCCC,9.72
CCCS,9.14
CCEL,4.93
CCEP,51.44
CCF,99.0
CCI,136.0
CCJ,24.75
CCK,78.41
CCL,11.16
CCLP,1.321
CCM,1.6
CCNC,2.8
CCNE,25.5
CCNEP,25.99
CCO,1.33
CCOI,57.23
CCRD,27.84
CCRN,33.19
CCS,47.63
CCSI,62.04
CCTS,10.16
CCTSU,10.17
CCU,11.37
CCV,10.01
CCV.U,10.016
CCV.WS,0.034
CCVI,9.95
CCVI.U,9.95
CCVI.WS,0.054
CD,7.11
CDAK,5.69
CDAQ,9.86
CDAY,72.68
CDE,3.54
CDIO,1.978
CDLX,5.16
CDMO,15.64
CDNA,13.81
CDNS,168.74
CDR-PB,10.42
CDR-PC,9.551
CDRE,25.3
CDRO,2.73
CDROW,0.2
CDTX,0.625
CDW,184.83
CDXC,1.77
CDXS,6.8
CDZI,2.28
CDZIP,11.81
CE,102.8
CEA,18.43
CEAD,0.983
CEADW,0.175
CECO,11.21
CEG,93.5
CEI,0.14
CEIX,63.32
CELC,10.0
CELG.R,0.137
CELH,98.37
CELU,1.98
CELUW,0.23
CELZ,0.398
CEMI,0.28
CENN,0.912
CENQU,10.16
CENQW,0.18
CENT,44.37
CENTA,41.98
CENX,9.17
CEPU,4.72
CEQP,29.28
CEQP-P,9.1
CERE,29.35
CERS,4.04
CERT,15.58
CETX,0.247
CETXP,0.722
CEVA,29.03
CF,106.91
CFB,13.53
CFBK,23.41
CFFE,10.32
CFFI,53.76
CFFN,8.3
CFFS,10.0
CFG,40.46
CFG-PD,24.2
CFG-PE,19.37
CFIV,10.01
CFIVU,10.02
CFIVW,0.048
CFLT,24.03
CFMS,1.48
CFR,145.72
CFR-PB,20.47
CFRX,0.152
CFSB,8.69
CG,29.75
CGA,5.525
CGAU,5.22
CGBD,14.15
CGC,4.12
CGEM,12.76
CGEN,0.867
CGNT,3.44
CGNX,51.21
CGRN,1.99
CGTX,1.45
CHAA,9.99
CHCI,4.27
CHCO,98.75
CHCT,34.34
CHD,75.51
CHDN,222.61
CHEA,10.23
CHEF,36.7
CHEK,0.251
CHEKZ,0.021
CHGG,28.9
CHH,121.97
CHK,102.28
CHKEL,83.4
CHKEW,95.64
CHKEZ,84.02
CHKP,129.05
CHMG,46.99
CHMI,6.1
CHMI-PA,21.5
CHMI-PB,20.0
CHNR,0.428
CHPT,13.68
CHRA,0.88
CHRD,164.5
CHRS,7.96
CHRW,97.68
CHS,6.89
CHSCL,26.0
CHSCM,25.07
CHSCN,25.08
CHSCO,26.007
CHSCP,28.75
CHT,34.71
CHTR,392.09
CHUY,33.49
CHWY,42.85
CHX,32.55
CI,305.17
CIA,3.46
CIB,26.04
CIDM,0.54
CIEN,45.72
CIFR,0.994
CIFRW,0.095
CIG,2.0
CIG.C,3.16
CIGI,95.44
CIH,0.82
CIM,6.73
CIM-PA,19.79
CIM-PB,20.17
CIM-PC,18.78
CIM-PD,19.8
CINC,27.02
CINF,106.39
CING,0.988
CINGW,0.262
CINT,7.7
CIO,9.8
CIO-PA,19.95
CION,10.48
CIR,26.84
CISO,3.17
CITE,10.24
CIVB,23.84
CIVI,70.57
CIX,18.35
CIXX,11.35
CIZN,14.05
CJJD,1.71
CKPT,0.755
CKX,10.577
CL,75.32
CLAA,9.98
CLAR,8.72
CLAS,10.0
CLAS.U,10.0
CLAY,10.15
CLB,23.02
CLBK,22.08
CLBR,9.83
CLBR.U,9.84
CLBR.WS,0.044
CLBT,4.95
CLBTW,0.678
CLDT,12.78
CLDT-PA,20.0
CLDX,36.69
CLEU,1.25
CLF,15.42
CLFD,95.63
CLGN,5.72
CLH,111.86
CLIM,10.02
CLIM.U,10.01
CLIN,9.98
CLINR,0.13
CLINW,0.095
CLIR,0.682
CLLS,2.25
CLMB,33.35
CLMT,17.65
CLNE,7.33
CLNN,1.05
CLNNW,0.082
CLOE,10.88
CLOV,1.47
CLPR,7.43
CLPS,1.13
CLPT,10.11
CLR,74.07
CLRB,1.89
CLRCR,0.1
CLRM,10.04
CLRMU,10.02
CLRMW,0.002
CLRO,0.581
CLS,11.39
CLSD,1.41
CLSK,2.59
CLST,12.95
CLVR,0.53
CLVRW,0.069
CLVS,0.367
CLVT,10.52
CLVT-PA,45.63
CLW,37.5
CLWT,1.475
CLX,144.93
CLXT,0.18
CM,47.54
CMA,73.21
CMAX,4.93
CMBM,21.49
CMC,47.16
CMCA,10.19
CMCAU,10.2
CMCL,11.5
CMCM,1.9
CMCO,32.5
CMCSA,34.28
CMCT,6.34
CME,173.79
CMG,1523.47
CMI,250.71
CMLS,7.53
CMMB,4.235
CMP,43.52
CMPO,4.95
CMPOW,0.72
CMPR,28.98
CMPS,10.68
CMPX,4.75
CMRA,1.37
CMRAW,0.06
CMRE,10.24
CMRE-PB,22.25
CMRE-PC,24.18
CMRE-PD,24.3
CMRE-PE,24.45
CMRX,2.19
CMS,58.44
CMS-PB,89.9
CMS-PC,17.7
CMT,11.41
CMTG,17.94
CMTL,12.21
CNA,41.28
CNC,79.67
CNCE,4.96
CND,10.12
CND.U,10.27
CND.WS,0.35
CNDA,9.815
CNDB,10.07
CNDT,3.86
CNET,0.8
CNEY,1.94
CNF,1.92
CNFR,1.34
CNGL,10.2
CNGLU,10.15
CNGLW,0.028
CNHI,15.16
CNI,121.39
CNK,12.91
CNM,21.52
CNMD,90.09
CNNB,14.846
CNNE,25.18
CNO,22.4
CNO-PA,17.855
CNOB,25.62
CNOBP,20.65
CNP,29.13
CNQ,62.34
CNS,65.27
CNSL,4.98
CNSP,0.19
CNTA,3.53
CNTB,0.752
CNTG,0.823
CNTX,1.2
CNTY,8.16
CNX,18.5
CNXA,0.21
CNXC,124.62
CNXN,52.31
COCO,10.76
COCP,3.03
CODA,6.03
CODI,20.91
CODI-PA,23.35
CODI-PB,25.0
CODI-PC,24.15
CODX,3.68
COE,1.77
COEP,2.17
COEPW,0.089
COF,103.56
COF-PI,19.51
COF-PJ,18.23
COF-PK,18.32
COF-PL,17.43
COF-PN,16.979
COFS,22.5
COGT,11.71
COHN,10.02
COHR,41.45
COHU,36.59
COIN,55.53
COKE,465.95
COLB,34.31
COLD,29.09
COLI,9.94
COLIU,9.93
COLIW,0.024
COLL,21.53
COLM,82.66
COMM,9.17
COMP,3.42
COMS,0.069
COMSP,1.25
COMSW,0.02
CONN,19.54
CONX,10.03
CONXU,10.12
CONXW,0.13
COO,315.78
COOK,4.21
COOL,10.04
COOLU,10.05
COOP,43.53
COP,134.09
CORR,2.14
CORR-PA,13.1
CORT,26.69
CORZ,0.229
CORZW,0.05
COSM,0.122
COST,526.47
COTY,7.65
COUP,54.1
COUR,14.01
COVA,10.02
COVAU,10.02
COVAW,0.043
COWN,38.6
CP,75.42
CPA,74.52
CPAA,9.83
CPAC,5.95
CPAQ,10.17
CPAQU,10.28
CPAQW,0.29
CPAR,9.96
CPARW,0.021
CPB,48.81
CPE,57.209
CPF,21.13
CPG,8.59
CPHC,25.73
CPHI,0.12
CPIX,2.29
CPK,111.72
CPLP,15.45
CPNG,19.23
CPOP,0.863
CPRI,54.01
CPRT,62.06
CPRX,15.89
CPS,7.86
CPSH,3.6
CPSI,28.7
CPSS,8.0
CPT,114.63
CPTK,10.01
CPTK.WS,0.014
CPTN,1.71
CPTNW,0.205
CPUH,10.02
CPUH.U,10.032
CPUH.WS,0.085
CQP,54.72
CR,105.66
CRAI,116.65
CRBG,22.25
CRBP,0.135
CRBU,10.1
CRC,47.28
CRCT,9.19
CRD.A,6.38
CRD.B,5.75
CRDF,1.34
CRDL,0.634
CRDO,15.36
CREC,10.14
CREG,2.957
CRESW,0.44
CRESY,5.26
CREX,0.61
CREXW,0.004
CRGE,2.76
CRGY,14.3
CRH,39.72
CRI,74.04
CRIS,0.912
CRK,18.72
CRKN,0.23
CRL,250.07
CRM,162.07
CRMD,3.69
CRMT,70.45
CRNC,18.03
CRNT,1.92
CRNX,18.24
CRON,3.07
CROX,96.66
CRS,41.55
CRSP,61.01
CRSR,16.53
CRTO,26.26
CRU,10.04
CRU.U,10.04
CRUS,77.22
CRVL,169.995
CRVS,0.912
CRWD,148.3
CRWS,5.96
CRZN,10.0
CRZNU,10.0
CRZNW,0.02
CS,4.51
CSAN,13.37
CSBR,6.41
CSCO,44.9
CSGP,82.71
CSGS,60.1
CSII,14.73
CSIQ,36.75
CSL,242.06
CSLM,10.04
CSPI,7.48
CSR,65.8
CSR-PC,24.5
CSSE,9.11
CSSEP,23.49
CSTA,10.0
CSTA.WS,0.02
CSTE,6.77
CSTL,23.03
CSTM,12.49
CSTR,17.19
CSV,25.29
CSWC,18.51
CSWI,117.59
CSX,31.31
CTA-PA,61.523
CTA-PB,88.06
CTAQ,10.03
CTAQW,0.03
CTAS,444.81
CTBI,46.67
CTG,7.18
CTGO,24.5
CTHR,0.94
CTIB,0.9
CTIC,5.47
CTKB,14.75
CTLP,3.29
CTLT,48.91
CTM,0.79
CTMX,1.19
CTO,20.02
CTO-PA,21.0
CTOS,6.35
CTOS.WS,0.73
CTRA,27.81
CTRE,19.24
CTRM,1.25
CTRN,22.04
CTS,42.73
CTSH,59.96
CTSO,1.53
CTV,2.83
CTVA,66.72
CTXR,1.07
CUBE,40.17
CUBI,33.32
CUBI-PE,25.65
CUBI-PF,25.15
CUE,3.78
CUEN,0.347
CUENW,0.04
CUK,10.04
CULL,11.21
CULP,5.16
CURI,3.46
CURIW,0.192
CURO,3.65
CURV,4.6
CUTR,44.33
CUZ,25.44
CVAC,8.07
CVBF,27.66
CVCO,214.92
CVCY,19.46
CVE,21.5
CVE.WS,16.62
CVEO,30.59
CVGI,6.69
CVGW,36.5
CVI,20.99
CVII,9.94
CVII.U,9.96
CVII.WS,0.04
CVLG,23.53
CVLT,66.87
CVLY,23.77
CVM,3.38
CVNA,9.93
CVR,26.99
CVRX,12.53
CVS,97.73
CVT,5.84
CVU,2.375
CVV,5.85
CVX,188.05
CW,175.15
CWAN,18.45
CWBC,14.75
CWBR,1.95
CWCO,13.7
CWEN,35.19
CWEN.A,32.43
CWH,27.71
CWK,11.52
CWST,79.87
CWT,63.13
CX,4.49
CXAC,10.12
CXAC.U,10.14
CXAC.WS,0.041
CXDO,2.25
CXM,8.69
CXW,11.59
CYAD,0.98
CYAN,1.3
CYBN,0.467
CYBR,162.48
CYCC,1.13
CYCCP,9.19
CYCN,0.515
CYD,7.32
CYH,3.43
CYN,0.8
CYRN,0.975
CYRX,31.88
CYT,1.6
CYTH,1.32
CYTHW,0.55
CYTK,39.95
CYTO,5.75
CYXT,2.42
CZFS,69.9
CZNC,24.33
CZOO,0.352
CZOO.WS,0.015
CZR,54.3
CZWI,13.95
D,58.88
DAC,58.81
DADA,5.03
DAIO,3.98
DAKT,3.66
DAL,34.9
DALN,4.6
DALS,9.85
DAN,18.62
DAO,4.24
DAOO,10.115
DAOOU,10.17
DAOOW,0.023
DAR,75.4
DARE,0.95
DASH,63.38
DATS,0.515
DAVA,80.45
DAVE,0.34
DAVEW,0.032
DAWN,21.89
DB,10.55
DBD,2.75
DBGI,4.6
DBGIW,4.0
DBI,15.34
DBRG,15.25
DBRG-PH,20.33
DBRG-PI,20.43
DBRG-PJ,20.34
DBTX,3.47
DBVT,1.4
DBX,22.9
DC,3.66
DC.WS,1.83
DCBO,31.05
DCFC,1.63
DCFCW,0.45
DCGO,8.23
DCI,60.31
DCO,50.92
DCOM,35.6
DCOMP,20.15
DCP,38.6
DCP-PB,25.28
DCP-PC,24.97
DCPH,15.74
DCRD,10.13
DCRDW,0.61
DCT,12.04
DCTH,2.8
DD,70.67
DDD,10.72
DDI,9.5
DDL,4.35
DDOG,86.1
DDS,383.03
DE,406.97
DEA,15.81
DECA,10.19
DECAU,10.17
DECK,347.27
DEI,17.07
DELL,42.35
DEN,95.0
DENN,13.04
DEO,173.66
DERM,2.089
DESP,6.37
DFFN,5.7
DFH,10.34
DFIN,34.89
DFLI,8.08
DFLIW,0.205
DFS,103.63
DG,257.26
DGHI,0.685
DGICA,15.32
DGICB,15.14
DGII,41.37
DGLY,0.373
DGNU,9.845
DGX,147.94
DH,11.64
DHAC,10.53
DHBC,10.03
DHBCU,10.04
DHC,1.18
DHCA,9.95
DHCAW,0.048
DHHC,9.93
DHHCU,9.96
DHHCW,0.09
DHI,84.17
DHIL,181.61
DHR,270.33
DHR-PB,1404.29
DHT,10.11
DHX,5.87
DIBS,6.15
DICE,33.63
DILAW,0.025
DIN,73.11
DINO,65.54
DIOD,88.0
DIS,95.51
DISA,9.99
DISH,16.04
DIT,182.6
DJCO,275.09
DK,33.89
DKDCA,10.46
DKDCU,10.53
DKDCW,0.058
DKL,54.81
DKNG,15.42
DKS,107.12
DLA,17.39
DLB,70.82
DLCA,10.02
DLCAW,0.03
DLHC,17.79
DLNG,3.23
DLNG-PA,23.4
DLNG-PB,24.1
DLO,21.22
DLPN,2.95
DLR,111.87
DLR-PJ,21.55
DLR-PK,23.32
DLR-PL,21.24
DLTH,8.66
DLTR,168.84
DLX,19.98
DM,4.705
DMAC,1.14
DMAQR,0.069
DMLP,29.02
DMRC,24.1
DMS,1.76
DMS.WS,0.22
DMTK,13.15
DMYS,9.91
DMYS.U,9.995
DMYS.WS,0.311
DMYY.U,10.01
DNA,2.67
DNA.WS,0.535
DNAB,9.94
DNAD,9.945
DNAY,1.67
DNB,14.6
DNLI,31.21
DNMR,4.555
DNN,1.26
DNOW,12.61
DNUT,14.49
DNZ,9.97
DNZ.WS,0.059
DO,10.01
DOC,14.46
DOCN,32.38
DOCS,32.78
DOCU,53.32
DOGZ,0.914
DOLE,9.2
DOMA,0.461
DOMA.WS,0.038
DOMO,15.56
DOOO,69.14
DOOR,74.55
DORM,87.46
DOUG,4.16
DOV,142.16
DOW,51.6
DOX,82.42
DOYU,1.37
DPCS,10.17
DPRO,0.56
DPSI,5.89
DPZ,366.74
DQ,57.45
DRAY,10.1
DRAYU,10.09
DRCT,3.42
DRCTW,0.236
DRD,6.14
DRH,8.99
DRH-PA,24.88
DRI,143.1
DRIO,6.84
DRMA,0.67
DRQ,26.4
DRRX,0.508
DRTS,4.35
DRTSW,0.27
DRTT,0.302
DRUG,0.985
DRVN,31.1
DS,0.427
DS-PB,12.77
DS-PC,12.602
DS-PD,13.49
DSAQ.U,10.18
DSEY,5.38
DSGN,14.26
DSGR,38.79
DSGX,73.2
DSKE,6.61
DSP,4.21
DSS,0.217
DSWL,3.25
DSX,4.24
DSX-PB,24.92
DT,38.59
DTC,5.07
DTE,114.48
DTEA,0.695
DTIL,1.49
DTLA-P,6.96
DTM,60.13
DTOC,9.92
DTOCW,0.1
DTRT,10.22
DTRTW,0.22
DTSS,1.38
DTST,2.05
DUET,10.02
DUETW,0.033
DUK,97.13
DUK-PA,24.45
DUNE,9.77
DUNEW,0.014
DUO,1.2
DUOL,73.82
DUOT,3.15
DV,26.49
DVA,70.19
DVAX,13.11
DVN,73.62
DWAC,25.37
DWACU,29.5
DWACW,7.6
DWSN,1.99
DX,12.82
DX-PC,21.58
DXC,28.61
DXCM,116.31
DXF,0.24
DXLG,4.81
DXPE,26.18
DXR,9.98
DXYN,0.981
DY,102.3
DYAI,1.83
DYN,9.99
DYNT,0.48
DZSI,13.91
E,30.05
EA,128.78
EAC,10.01
EAF,4.7
EAR,0.54
EARN,7.14
EAST,0.272
EAT,34.31
EB,7.44
EBAC,10.0
EBACU,10.05
EBACW,0.204
EBAY,47.02
EBC,19.06
EBET,0.91
EBF,22.44
EBIX,25.66
EBMT,18.88
EBON,0.289
EBR,8.39
EBR.B,9.74
EBS,13.31
EBTC,32.86
EC,10.36
ECBK,16.75
ECF-PA,22.8
ECL,152.77
ECOR,0.282
ECPG,62.76
ECVT,8.67
ED,89.7
EDAP,10.14
EDBL,0.37
EDIT,13.05
EDN,7.26
EDR,22.23
EDRY,16.45
EDSA,0.917
EDTK,0.93
EDTX,10.36
EDTXW,0.04
EDU,27.16
EDUC,2.9
EE,26.37
EEFT,91.27
EEIQ,1.637
EEX,3.97
EFC,14.34
EFC-PA,21.14
EFHTU,10.04
EFOI,0.4
EFSC,51.79
EFSCP,17.9
EFSH,1.66
EFTR,0.551
EFX,207.1
EFXT,5.83
EGAN,9.45
EGBN,45.85
EGGF,9.86
EGGF.WS,0.201
EGHT,4.45
EGIO,1.34
EGLE,53.24
EGLX,0.698
EGO,7.01
EGP,157.0
EGRX,37.0
EGY,5.55
EH,4.89
EHAB,13.12
EHC,56.88
EHTH,3.16
EIG,43.17
EIGR,4.57
EIX,60.67
EJH,0.86
EKSO,1.3
EL,226.98
ELA,4.89
ELAN,12.75
ELBM,2.62
ELDN,2.64
ELEV,0.97
ELF,51.75
ELLO,18.68
ELMD,10.14
ELME,18.98
ELOX,0.136
ELP,7.23
ELS,64.55
ELSE,4.87
ELTK,3.855
ELV,479.01
ELVT,1.06
ELYM,3.01
ELYS,0.28
EM,0.771
EMAN,0.9
EMBC,33.27
EMBK,4.92
EMBKW,0.03
EMCF,33.87
EMCG,10.11
EME,152.83
EMKR,1.59
EML,22.2
EMLD,9.96
EMLDU,9.95
EMN,86.87
EMR,96.18
EMX,1.86
ENB,40.37
ENCP,10.23
ENER,10.0
ENERR,0.074
ENFN,13.99
ENG,0.98
ENIC,1.81
ENLC,12.28
ENLV,4.81
ENOB,1.77
ENOV,54.63
ENPH,300.73
ENR,31.86
ENS,78.13
ENSC,2.16
ENSG,91.9
ENSV,2.7
ENTA,47.22
ENTF,10.17
ENTFW,0.03
ENTG,80.29
ENTX,0.538
ENTXW,0.04
ENV,56.89
ENVA,39.4
ENVB,3.4
ENVX,14.84
ENZ,2.23
EOCW,9.945
EOCW.U,9.95
EOCW.WS,0.082
EOG,147.3
EOLS,7.54
EOSE,3.4202
EOSEW,0.28
EP,14.3
EP-PC,45.599
EPAC,25.24
EPAM,352.13
EPC,40.51
EPD,24.89
EPHY,9.98
EPHYU,9.98
EPHYW,0.02
EPIX,3.98
EPM,7.78
EPOW,3.24
EPR,39.94
EPR-PC,18.66
EPR-PE,27.31
EPR-PG,17.55
EPRT,22.31
EPSN,7.43
EPWR,9.99
EQ,1.812
EQBK,37.0
EQC,25.83
EQC-PD,25.16
EQH,30.6
EQH-PA,19.82
EQH-PC,17.53
EQHA,9.93
EQHA.U,9.94
EQHA.WS,0.018
EQIX,657.23
EQNR,36.09
EQOS,0.297
EQR,62.3
EQRX,3.65
EQRXW,0.49
EQS,1.619
EQT,43.76
EQX,3.7
ERAS,8.17
ERES,10.09
ERESW,0.2
ERF,19.2
ERIC,6.19
ERIE,260.19
ERII,21.48
ERJ,10.36
ERNA,3.56
ERO,12.25
ERYP,0.65
ES,78.65
ESAB,41.4
ESAC,10.23
ESCA,10.11
ESE,88.27
ESEA,20.61
ESGR,199.81
ESGRO,23.295
ESGRP,22.55
ESI,19.1
ESLT,189.29
ESM,10.0
ESM.U,10.04
ESMT,18.27
ESNT,38.08
ESOA,2.853
ESP,13.35
ESPR,7.3
ESQ,45.0
ESRT,7.47
ESS,212.18
ESSA,21.35
ESTA,63.36
ESTC,67.08
ESTE,17.36
ET,12.04
ET-PC,23.67
ET-PD,23.9
ET-PE,24.07
ETD,29.87
ETI-P,23.4
ETN,162.39
ETNB,9.79
ETON,3.07
ETR,109.53
ETRN,8.25
ETSY,125.31
ETWO,6.32
ETWO.WS,0.96
EUCR,9.92
EURN,19.97
EVA,61.16
EVAX,2.36
EVBG,33.27
EVBN,38.2
EVC,5.51
EVCM,6.85
EVE,10.14
EVE.U,10.15
EVE.WS,0.05
EVER,10.7
EVEX,10.43
EVEX.WS,0.44
EVGN,0.72
EVGO,7.28
EVGOW,1.67
EVGR,10.18
EVGRW,0.049
EVH,25.44
EVI,19.43
EVK,0.679
EVLO,2.19
EVLV,3.64
EVLVW,0.6
EVO,9.25
EVOJ,9.96
EVOJU,10.02
EVOJW,0.155
EVOK,1.68
EVOP,33.64
EVR,116.34
EVRG,59.71
EVRI,17.23
EVTC,34.71
EVTL,4.1
EVTL.WS,0.41
EVTV,2.89
EW,75.96
EWBC,71.66
EWCZ,14.32
EWTX,10.5
EXAI,7.18
EXAS,44.28
EXC,38.24
EXEL,16.8
EXFY,10.72
EXK,3.34
EXLS,182.41
EXN,0.373
EXP,129.0
EXPD,115.66
EXPE,99.94
EXPI,13.2
EXPO,101.2
EXPR,1.35
EXR,154.85
EXTR,11.945
EYE,40.96
EYEN,1.82
EYPT,4.42
EZFL,0.512
EZGO,0.381
EZPW,9.85
F,14.3
F-PB,23.97
F-PC,23.35
F-PD,23.19
FA,12.81
FACA,10.02
FACA.U,10.01
FACT,9.98
FACT.U,10.0
FACT.WS,0.175
FAF,54.04
FAMI,0.6
FANG,167.03
FANH,5.2
FARM,5.15
FARO,34.11
FAST,51.63
FAT,6.9
FATBB,6.8
FATBP,18.19
FATBW,3.9
FATE,34.79
FATH,2.45
FATP,10.07
FATPU,9.99
FAZE,2.49
FAZEW,0.19
FBC,39.78
FBHS,67.32
FBIO,0.88
FBIOP,19.76
FBIZ,38.95
FBK,43.36
FBMS,34.7
FBNC,46.27
FBP,15.36
FBRT,14.34
FBRT-PE,18.52
FBRX,1.0
FC,49.15
FCAP,24.43
FCAX,10.045
FCBC,38.61
FCCO,20.8
FCEL,3.87
FCF,14.77
FCFS,91.85
FCN,165.86
FCNCA,820.45
FCNCO,20.53
FCNCP,20.22
FCPT,26.99
FCRD,4.21
FCUV,12.75
FCX,38.09
FDBC,46.8
FDMT,18.69
FDP,27.86
FDS,432.92
FDUS,20.21
FDX,176.26
FE,38.15
FEAM,12.41
FEDU,8.05
FEIM,5.375
FELE,83.9
FEMY,1.25
FENC,8.03
FENG,4.7
FERG,120.44
FET,28.75
FEXD,10.14
FF,8.15
FFBC,25.7
FFBW,11.87
FFHL,7.23
FFIC,20.96
FFIE,0.51
FFIEW,0.1
FFIN,38.3
FFIV,151.73
FFNW,15.3
FFWM,15.02
FGBI,23.7
FGBIP,24.876
FGEN,14.92
FGF,2.5
FGFPP,17.22
FGI,2.39
FGIWW,0.41
FGMCU,10.12
FHB,26.1
FHI,35.98
FHLT,10.09
FHLTU,10.05
FHLTW,0.02
FHN,24.32
FHN-PB,24.83
FHN-PC,24.83
FHN-PD,23.22
FHN-PE,24.1
FHN-PF,20.8
FHTX,9.23
FIAC,10.07
FIACU,10.045
FIBK,43.85
FICO,616.49
FIGS,6.62
FINM,10.03
FINMU,10.04
FINMW,0.01
FINV,5.24
FINW,9.025
FIP,2.89
FIS,63.87
FISI,24.47
FISV,100.35
FITB,36.45
FITBI,25.34
FITBO,19.93
FITBP,22.68
FIVE,158.38
FIVN,63.84
FIX,121.31
FIXX,1.77
FIZZ,51.72
FKWL,3.38
FL,33.81
FLAC,10.185
FLACU,10.128
FLACW,0.85
FLAG,10.0
FLAG.WS,0.02
FLEX,20.08
FLFV,10.02
FLFVU,10.09
FLGC,0.525
FLGT,37.02
FLIC,17.95
FLJ,1.3
FLL,7.47
FLME,10.03
FLME.WS,0.66
FLNC,16.45
FLNG,33.26
FLNT,1.36
FLO,28.28
FLR,33.46
FLS,33.11
FLT,195.6
FLUX,5.26
FLWS,9.15
FLXS,14.78
FLYA.WS,0.024
FLYW,23.92
FMAO,28.91
FMBH,33.78
FMC,128.73
FMIV,9.94
FMNB,14.9
FMS,15.44
FMX,77.8
FN,126.65
FNA,19.44
FNB,13.86
FNB-PE,25.514
FNCB,7.98
FNCH,1.078
FND,79.5
FNF,40.37
FNGR,5.7
FNKO,9.27
FNLC,31.26
FNV,140.64
FNVT,10.16
FNVTW,0.05
FNWB,15.53
FNWD,31.8
FOA,1.44
FOA.WS,0.14
FOCS,39.88
FOLD,11.67
FONR,17.17
FOR,14.05
FORA,3.02
FORD,1.31
FORG,22.08
FORM,22.93
FORR,34.84
FORTY,81.0
FOSL,4.93
FOUR,52.47
FOX,28.99
FOXA,30.75
FOXF,107.5
FOXO,0.492
FOXO.WS,0.034
FOXW,10.17
FOXWU,10.16
FOXWW,0.028
FPAC,9.95
FPAC.U,9.99
FPAC.WS,0.157
FPAY,1.09
FPH,2.46
FPI,13.57
FR,48.63
FRAF,31.8
FRBA,15.21
FRBK,2.71
FRBN,10.21
FRC,130.56
FRC-PH,21.25
FRC-PI,23.09
FRC-PJ,19.5
FRC-PK,17.19
FRC-PL,17.88
FRC-PM,16.89
FRC-PN,18.89
FRD,9.47
FREE,3.37
FREEW,0.122
FREQ,2.2
FREY,15.01
FREY.WS,6.41
FRG,26.04
FRGAP,23.25
FRGE,1.59
FRGI,6.9
FRGT,0.349
FRHC,59.71
FRLA,10.22
FRLAU,10.24
FRLN,0.68
FRME,43.14
FRMEP,25.5
FRO,14.17
FROG,24.56
FRON,10.0
FRONU,10.0
FRONW,0.062
FRPH,58.7
FRPT,67.69
FRSG,9.935
FRSGU,9.83
FRSGW,0.02
FRSH,14.85
FRST,12.48
FRSX,0.541
FRT,107.74
FRT-PC,21.05
FRTX,2.08
FRW,10.03
FRWAU,10.02
FRWAW,0.004
FRXB,9.94
FRXB.U,9.959
FRXB.WS,0.09
FRZA,2.01
FSBC,28.89
FSBW,33.12
FSEA,10.37
FSFG,22.5
FSI,3.12
FSK,19.43
FSLR,159.63
FSLY,16.07
FSM,3.52
FSNB,9.93
FSP,2.94
FSR,8.59
FSRD,0.102
FSRDW,0.016
FSRX,9.94
FSS,49.7
FSSI,10.01
FSSIU,10.0
FSTR,12.4
FSTX,4.61
FSV,126.53
FTAA,10.01
FTAAW,0.029
FTAI,17.09
FTAIN,21.45
FTAIO,22.82
FTAIP,22.61
FTCH,10.03
FTCI,2.41
FTCV,10.03
FTCVU,10.0
FTCVW,0.019
FTDR,24.6
FTEK,1.32
FTEV,10.01
FTEV.WS,0.048
FTFT,0.42
FTHM,4.56
FTI,12.35
FTII,10.14
FTIIU,10.11
FTK,1.09
FTNT,56.2
FTPA,9.94
FTS,39.81
FTV,66.74
FTVI,10.02
FTVIU,10.01
FUBO,7.62
FUL,76.03
FULC,7.18
FULT,18.54
FULTP,20.74
FUN,40.2
FUNC,18.5
FURY,0.36
FUSB,8.59
FUSN,2.13
FUTU,53.86
FUV,6.795
FVCB,20.0
FVIV,10.04
FVIV.U,10.03
FVRR,39.84
FVT,10.03
FVT.U,10.02
FWAC,9.96
FWBI,0.89
FWONA,51.35
FWONK,56.93
FWP,2.92
FWRD,114.78
FWRG,15.33
FXCO,10.1
FXLV,3.22
FXNC,18.28
FYBR,25.67
FZT,9.885
FZT.WS,0.3
G,44.48
GABC,39.48
GACQ,10.5
GACQW,0.134
GAIA,2.8
GAIN,13.89
GAINN,23.41
GALT,1.24
GAMB,9.41
GAMC,10.0
GAMCW,0.029
GAME,0.65
GAN,1.56
GANX,3.12
GAPA,10.15
GAPA.U,10.13
GAQ,9.96
GAQ.WS,0.035
GASS,3.25
GATE,10.07
GATEU,10.07
GATEW,0.09
GATO,3.7
GATX,109.82
GAU,0.57
GB,4.05
GB.WS,0.235
GBBK,9.93
GBBKR,0.06
GBBKW,0.038
GBCI,57.43
GBDC,13.34
GBIO,6.32
GBLI,24.55
GBNH,2.65
GBNY,11.04
GBR,1.26
GBRG,10.4
GBRGR,0.185
GBRGU,10.4
GBRGW,0.1
GBTG,4.62
GBX,38.73
GCBC,71.0
GCI,2.25
GCMG,8.81
GCMGW,0.808
GCO,50.47
GCT,6.61
GCTK,1.7
GD,246.14
GDDY,74.95
GDEN,43.58
GDNR,10.08
GDNRU,10.1
GDNRW,0.084
GDOT,19.78
GDRX,5.37
GDS,16.62
GDST,10.01
GDYN,13.41
GE,87.14
GECC,10.05
GECCO,24.55
GEEX,10.17
GEF,72.32
GEF.B,77.28
GEG,2.07
GEHI,17.48
GEL,10.7
GEN,22.24
HCA,229.05
GENC,9.88
GENE,1.155
GENI,4.89
GENI.WS,0.86
GENQ,10.05
GENQU,10.05
GEO,9.22
GEOS,4.82
GERN,2.27
GES,19.41
GET,1.74
GETY,5.86
GEVO,2.47
GFAI,0.19
GFF,34.31
GFGD,9.96
GFGDU,10.11
GFGDW,0.062
GFI,10.89
GFL,27.02
GFOR,9.91
GFOR.U,9.95
GFOR.WS,0.05
GFS,66.58
GFX,10.02
GFX.WS,0.05
GGAAU,10.35
GGAAW,0.29
GGAL,7.54
GGB,5.93
GGE,2.53
GGG,70.65
GGMC,10.01
GGMCW,0.002
GGN-PB,22.23
GGR,3.6
GGROW,0.48
GGT-PE,23.88
GH,51.25
GHAC,10.02
GHACU,10.01
GHACW,0.01
GHC,652.34
GHG,2.83
GHIX,9.73
GHIXU,9.76
GHL,9.93
GHLD,10.57
GHM,9.78
GHRS,11.74
GHSI,0.154
GIA.WS,0.018
GIAC,10.09
GIACW,0.355
GIB,84.58
GIC,24.98
GIFI,5.42
GIGM,1.23
GIII,21.19
GIIX,9.9
GIIXU,9.97
GIIXW,0.77
GIL,28.75
GILD,83.0
GILT,5.95
GIPR,5.071
GIS,77.44
GIW,10.26
GKOS,50.7
GL,112.64
GL-PD,18.35
GLAD,10.52
GLBE,25.98
GLBL,10.17
GLBLU,9.89
GLBLW,0.5
GLBS,1.32
GLBZ,9.11
GLDD,7.23
GLDG,0.91
GLG,1.23
GLHA,10.0
GLHAW,0.001
GLLIU,10.13
GLLIW,0.02
GLMD,0.333
GLNG,25.87
GLOB,193.13
GLOG-PA,24.22
GLOP,8.25
GLOP-PA,23.4
GLOP-PB,24.52
GLOP-PC,23.52
GLP,31.25
GLP-PA,25.969
GLP-PB,25.5
GLPG,41.7
GLPI,49.32
GLRE,7.73
GLS,0.509
GLS.WS,0.013
GLSI,11.08
GLST,10.02
GLSTU,10.15
GLT,3.48
GLTA,10.11
GLTO,1.8
GLUE,9.42
GLW,34.36
GLYC,1.7
GM,40.24
GMAB,43.1
GMBL,0.125
GMBLP,3.49
GMBLW,0.03
GMDA,1.9
GME,27.59
GMED,71.78
GMFI,10.05
GMFIW,0.051
GMGI,2.31
GMRE,9.35
GMRE-PA,25.037
GMS,50.61
GMTX,1.61
GMVD,0.165
GMVDW,0.105
GNAC,10.0
GNACU,10.0
GNACW,0.001
GNE,8.96
GNE-PA,9.22
GNFT,3.995
GNK,16.21
GNL,12.87
GNL-PA,22.23
GNL-PB,21.1
GNLN,0.509
GNPX,1.35
GNRC,107.7
GNS,0.515
GNSS,3.13
GNTA,4.16
GNTX,29.01
GNTY,35.71
GNUS,0.692
GNW,4.77
GO,31.7
GOCO,0.435
GOEV,1.47
GOEVW,0.324
GOGL,9.67
GOGN,10.25
GOGO,15.56
GOL,3.39
GOLD,16.0
GOLF,48.21
GOOD,18.96
GOODN,20.8
GOODO,19.5
GOOG,98.72
GOOGL,98.44
GOOS,18.89
GORO,1.64
GOSS,10.01
GOTU,1.12
GOVX,0.795
GOVXW,0.229
GP,2.64
GPAC,10.04
GPACW,0.004
GPC,181.43
GPI,190.46
GPK,22.26
GPMT,6.24
GPMT-PA,18.7
GPN,102.28
GPOR,85.83
GPP,13.43
GPRE,36.51
GPRK,14.77
GPRO,5.66
GPS,12.84
GRAB,3.13
GRABW,0.55
GRAY,0.953
GRBK,24.14
GRBK-PA,20.5
GRC,28.33
GRCL,3.71
GRCY,10.74
GREE,0.76
GRFS,7.99
GRFX,1.38
GRIL,0.32
GRIN,25.89
GRMN,92.53
GRNA,1.85
GRNQ,1.175
GRNT,9.8
GROM,0.178
GROMW,0.03
GROV,1.24
GROW,2.96
GROY,2.66
GROY.WS,0.32
GRP.U,59.07
GRPH,3.53
GRPN,9.06
GRRR,10.83
GRRRW,0.33
GRTS,3.17
GRTX,1.73
GRVY,46.6
GRWG,6.33
GS,382.88
GS-PA,19.1
GS-PC,19.25
GS-PD,19.02
GS-PJ,24.62
GS-PK,25.32
GSAT,1.9
GSBC,61.66
GSBD,15.9
GSD,10.19
GSDWW,0.06
GSEV,9.95
GSEVU,9.95
GSEVW,0.001
GSHD,40.53
GSIT,2.0
GSK,32.29
GSL,18.44
GSL-PB,25.155
GSM,5.99
GSMG,1.5
GSMGW,0.003
GSQD,10.02
GSQD.U,10.02
GSRM,9.94
GSRMR,1.1
GSRMW,0.069
GSUN,5.69
GT,11.04
GTAC,10.16
GTBP,2.16
GTE,1.29
GTEC,2.3
GTES,11.93
GTH,0.958
GTHX,8.93
GTIM,2.52
GTLB,47.64
GTLS,126.49
GTN,11.42
GTN.A,11.39
GTPA,9.96
GTPAU,9.94
GTPAW,0.001
GTPB,9.95
GTPBU,9.95
GTPBW,0.002
GTX,7.5
GTXAP,8.45
GTY,31.74
GURE,3.97
GVA,35.15
GVCI,10.23
GVCIW,0.04
GVP,0.71
GWH,4.06
GWH.WS,0.61
GWII,10.06
GWIIW,0.166
GWRE,62.3
GWRS,12.72
GWW,581.81
GXII,9.88
GXIIU,10.1
GXIIW,0.7
GXO,45.02
H,92.44
HA,15.05
HAE,78.04
HAFC,26.23
HAIA,10.17
HAIN,20.77
HAL,38.91
HALL,0.753
HALO,54.02
HAPP,2.48
HARP,0.814
HAS,58.71
HASI,31.48
HAYN,51.48
HAYW,10.6
HBAN,15.1
HBANM,23.05
HBANP,18.7
HBB,14.1
HBCP,41.81
HBI,7.58
HBIO,2.4
HBM,5.52
HBNC,15.86
HBT,21.52
HCAR,10.0
HCARU,10.006
HCARW,0.01
HCAT,10.92
HCC,34.84
HCCI,29.56
HCDI,0.671
HCDIP,6.95
HCDIW,0.057
HCDIZ,0.095
HCI,42.12
HCIC,9.97
HCICU,9.96
HCICW,0.035
HCII,9.96
HCIIU,9.96
HCIIW,0.012
HCKT,22.75
HCM,11.54
HCMA,10.25
HCNE,9.85
HCNEU,10.14
HCNEW,0.129
HCP,29.98
HCSG,14.38
HCTI,0.165
HCVI,9.79
HCVIU,9.8
HCWB,2.2
HD,311.93
HDB,69.43
HDSN,10.69
HE,39.19
HEAR,9.39
HEES,42.86
HEI,159.39
HEI.A,124.65
HELE,103.1
HEP,18.68
HEPA,0.44
HEPS,0.72
HERA,10.01
HERAW,0.058
HES,149.44
HESM,28.6
HEXO,0.188
HFBL,19.02
HFFG,4.79
HFWA,32.92
HGBL,2.28
HGEN,0.169
HGTY,8.39
HGTY.WS,2.24
HGV,42.47
HHC,69.25
HHGC,10.081
HHGCU,10.18
HHGCW,0.055
HHLA,10.01
HHLA.U,10.02
HHS,11.21
HI,45.35
HIBB,64.91
HIFS,258.0
HIG,72.88
HIG-PG,25.17
HIHO,2.3
HII,223.21
HIII,9.95
HIIIU,9.96
HIIIW,0.01
HIL,3.38
HILS,0.46
HIMS,6.19
HIMX,7.36
HIPO,14.41
HIPO.WS,0.043
HITI,1.65
HIVE,2.55
HIW,29.47
HKD,18.01
HL,5.09
HL-PB,55.3
HLAH,9.96
HLBZ,0.191
HLBZW,0.048
HLF,16.99
HLGN,1.06
HLGN.WS,0.125
HLI,101.58
HLIO,54.74
HLIT,13.66
HLLY,3.06
HLLY.WS,0.33
HLMN,7.7
HLN,6.69
HLNE,73.9
HLT,138.54
HLTH,3.14
HLVX,21.04
HLX,6.81
HMA,10.07
HMA.U,10.25
HMA.WS,0.073
HMAC,10.07
HMC,23.79
HMCO,10.04
HMCOU,10.02
HMLP-PA,21.25
HMN,37.21
HMNF,22.71
HMPT,1.8
HMST,27.12
HMY,3.46
HNI,29.82
HNNA,8.74
HNRA,10.15
HNRG,7.91
HNST,3.45
HNVR,20.05
HOFT,17.96
HOFV,0.715
HOFVW,0.08
HOG,47.4
HOLI,17.81
HOLO,2.48
HOLX,74.61
HOMB,25.72
HON,215.43
HONE,14.63
HOOD,10.15
HOOK,1.17
HOPE,13.57
HORI,10.14
HORIW,0.05
HOTH,3.99
HOUR,2.89
HOUS,7.08
HOV,45.72
HOVNP,18.85
HOWL,2.11
HP,52.93
HPCO,1.57
HPE,15.51
HPK,24.53
HPKEW,15.45
HPLT,9.93
HPP,11.34
HPQ,30.56
HPX,9.98
HQI,14.93
HQY,61.12
HR,19.85
HRB,40.84
HRI,133.55
HRL,47.14
HRMY,56.1
HROW,11.07
HRT,9.52
HRTG,1.39
HRTX,3.2
HRZN,13.19
HSAQ,9.95
HSBC,28.25
HSC,6.89
HSCS,1.65
HSCSW,0.37
HSDT,0.265
HSIC,79.35
HSII,28.57
HSKA,72.66
HSON,23.705
HST,18.56
HSTM,25.34
HSTO,1.125
HSY,217.31
HT,9.8
HT-PC,19.55
HT-PD,18.715
HT-PE,18.94
HTBI,24.54
HTBK,14.69
HTCR,1.09
HTGC,14.2
HTGM,0.57
HTH,31.5
HTHT,37.72
HTIA,22.67
HTIBP,20.15
HTLD,16.06
HTLF,50.6
HTLFP,25.51
HTOO,3.58
HTOOW,0.93
HTPA,10.05
HTPA.U,10.06
HTZ,18.16
HTZWW,9.76
HUBB,249.64
HUBG,86.2
HUBS,308.02
HUDAU,10.15
HUDI,8.75
HUGE,0.99
HUGS,9.94
HUGS.U,9.94
HUGS.WS,0.08
HUIZ,0.831
HUM,512.9
HUMA,2.97
HUMAW,0.85
HUN,28.22
HURC,25.61
HURN,72.19
HUSA,4.6
HUT,1.43
HUYA,3.18
HVBC,25.86
HVT,32.96
HVT.A,30.77
HWBK,22.97
HWC,53.99
HWEL,9.805
HWELW,0.041
HWKN,42.65
HWKZ,9.89
HWM,36.55
HWM-P,60.51
HXL,59.43
HY,30.76
HYFM,3.07
HYLN,3.1
HYMC,0.812
HYMCL,0.145
HYMCW,0.12
HYPR,0.94
HYRE,0.65
HYW,6.05
HYZN,1.9
HYZNW,0.2
HZN,0.524
HZNP,76.05
HZO,33.79
HZON,9.98
HZON.WS,0.552
IAA,41.4
IAC,50.97
IACC,10.02
IAG,1.83
IART,53.89
IAS,9.34
IAUX,2.34
IBA,53.44
IBCP,24.64
IBER,9.95
IBER.U,9.92
IBER.WS,0.02
IBEX,22.52
IBIO,1.75
IBKR,76.25
IBM,144.34
IBN,23.05
IBOC,51.5
IBP,82.23
IBRX,5.715
IBTX,66.08
ICAD,2.13
ICCC,7.3
ICCH,15.75
ICCM,1.12
ICD,4.05
ICE,105.05
ICFI,104.81
ICHR,30.38
ICL,8.34
ICLK,2.47
ICLR,224.8
ICMB,3.735
ICNC,10.22
ICNC.U,10.22
ICPT,15.81
ICU,4.84
ICUCW,0.11
ICUI,160.56
ICVX,2.47
ID,1.43
IDA,102.71
IDAI,0.783
IDBA,7.18
IDCC,50.49
IDEX,0.282
IDN,2.11
IDR,5.7
IDRA,0.392
IDT,25.0
IDW,1.29
IDXX,434.38
IDYA,17.77
IE,12.47
IEP,54.1
IESC,32.22
IEX,231.62
IFBD,0.91
IFF,97.91
IFIN,10.2
IFRX,2.57
IFS,24.32
IGAC,10.03
IGACU,10.08
IGACW,0.107
IGC,0.43
IGIC,7.61
IGICW,0.7
IGMS,14.49
IGT,24.92
IH,1.89
IHG,56.74
IHRT,8.71
IHS,6.99
IHT,1.93
III,5.75
IIII,10.02
IIIN,27.65
IIIV,22.72
IINN,1.32
IIPR,114.06
IIPR-PA,25.75
IIVIP,185.72
IKNA,2.2
IKT,0.62
ILAG,2.01
ILMN,238.49
ILPT,3.71
IMAB,4.86
IMACW,0.1
IMAQ,10.15
IMAQR,0.045
IMAQU,10.21
IMAQW,0.034
IMAX,15.38
IMBI,0.519
IMCC,0.373
IMCR,65.08
IMGN,5.01
IMGO,18.0
IMH,0.331
IMKTA,96.64
IMMP,2.18
IMMR,6.82
IMMX,1.06
IMNM,4.155
IMNN,1.48
IMO,57.2
IMOS,21.49
IMPL,3.04
IMPP,0.42
IMPPP,19.66
IMRA,4.73
IMRN,2.01
IMRX,7.24
IMTE,0.672
IMTX,10.61
IMTXW,3.26
IMUX,1.48
IMV,0.307
IMVT,13.29
IMXI,20.63
INAB,1.58
INBK,25.07
INBKZ,23.5
INBS,0.422
INBX,32.7
INCR,5.26
INCY,76.62
INDB,86.0
INDI,8.67
INDIW,2.3
INDO,7.03
INDP,1.73
INDT,55.22
INFA,18.99
INFI,0.788
INFN,6.81
INFU,8.5
INFY,19.76
ING,11.54
INGN,22.54
INGR,94.42
INKA,10.13
INKAW,0.12
INKT,3.068
INM,2.78
INMB,7.8
INMD,38.71
INN,8.18
INN-PE,18.3
INN-PF,17.66
INNV,7.21
INO,2.5
INOD,3.3
INPX,3.25
INSE,12.19
INSG,1.54
INSM,18.89
INSP,213.5
INST,23.39
INSW,44.0
INT,27.98
INTA,21.89
INTC,30.71
INTE,10.0
INTG,49.9
INTR,2.58
INTT,10.25
INTU,407.02
INTZ,3.53
INUV,0.354
INVA,13.39
INVE,9.31
INVH,31.67
INVO,1.24
INVZ,5.55
INVZW,1.96
INZY,1.675
IOACW,0.056
IOBT,2.89
IONM,0.57
IONQ,5.65
IONQ.WS,1.2
IONR,16.4
IONS,43.52
IOR,11.62
IOSP,110.54
IOT,10.72
IOVA,7.55
IP,36.51
IPA,5.09
IPAR,88.89
IPAX,9.89
IPAXU,9.99
IPAXW,0.245
IPDN,0.83
IPG,32.92
IPGP,95.79
IPHA,2.34
IPI,38.41
IPSC,10.1
IPVA,9.945
IPVA.WS,0.13
IPVF,9.9
IPVIU,9.882
IPW,0.45
IPWR,13.75
IPX,5.0
IQ,3.1
IQMD,10.14
IQMDU,10.16
IQMDW,0.045
IQV,224.31
IR,55.51
IRAA,10.025
IRAAU,10.0
IRAAW,0.031
IRBT,52.67
IRDM,51.57
IREN,2.41
IRIX,2.02
IRM,52.58
IRMD,28.87
IRNT,0.608
IRNT.WS,0.07
IROQ,18.75
IRRX,10.155
IRS,4.08
IRT,17.97
IRTC,108.3
IRWD,11.41
ISAA,9.98
ISDR,25.05
ISEE,18.42
ISIG,6.89
ISO,1.48
ISPC,1.61
ISPO,1.95
ISPOW,0.14
ISR,0.33
ISRG,264.18
ISSC,8.85
ISTR,22.1
ISUN,2.0
IT,338.44
ITAQ,10.06
ITAQU,10.05
ITAQW,0.03
ITCB,3.35
ITCI,50.66
ITGR,72.25
ITI,3.18
ITIC,157.31
ITOS,20.68
ITP,0.724
ITQRU,10.0
ITRG,0.685
ITRI,54.4
ITRM,1.45
ITRN,23.0
ITT,84.14
ITUB,5.0
ITW,227.86
IVA,4.365
IVAC,5.36
IVC,0.5
IVCA,10.19
IVCAU,10.21
IVCAW,0.051
IVCB,10.2
IVCBU,10.25
IVCBW,0.051
IVCP,10.04
IVDA,0.67
IVDAW,0.1
IVR,13.45
IVR-PB,20.055
IVR-PC,20.1
IVT,25.35
IVVD,3.52
IVZ,19.33
IX,75.49
IXHL,4.06
IZEA,0.665
J,124.8
JACK,87.45
JAGX,0.14
JAKK,18.81
JAMF,23.23
JAN,2.01
JANX,16.48
JAQC,9.775
JATT,10.13
JAZZ,148.44
JBGS,19.4
JBHT,189.17
JBI,10.67
JBL,67.31
JBLU,8.25
JBSS,82.48
JBT,92.15
JCI,66.4
JCIC,10.025
JCICW,0.16
JCSE,0.727
JCTCF,5.2
JD,54.48
JEF,37.67
JELD,10.33
JFBR,1.89
JFBRW,0.136
JFIN,2.36
JFU,0.21
JG,0.92
JGGC,10.12
JGGCU,10.21
JHG,25.79
JHX,20.01
JILL,24.74
JJSF,151.55
JKHY,181.2
JKS,50.43
JLL,160.69
JMAC,10.2
JMACW,0.085
JMIA,5.25
JMSB,28.15
JNCE,1.01
JNJ,172.39
JNPR,30.46
JOAN,5.9
JOB,0.714
JOBY,4.5
JOBY.WS,0.76
JOE,37.61
JOFF,10.03
JOFFU,10.02
JOFFW,0.002
JOUT,57.43
JPM,132.94
JPM-PC,25.45
JPM-PD,24.45
JPM-PJ,20.4
JPM-PK,19.49
JPM-PL,19.84
JPM-PM,18.5
JRSH,4.26
JRVR,23.94
JSPR,0.65
JT,1.8
JUGG,9.95
JUGGU,10.1
JUN,10.08
JUPW,1.29
JUPWW,0.86
JVA,2.12
JWACR,0.09
JWEL,0.694
JWN,21.67
JWSM,10.03
JWSM.U,10.06
JWSM.WS,0.11
JXJT,0.79
JXN,37.92
JYAC,10.06
JYNT,15.83
JZ,1.62
JZXN,0.189
K,69.35
KACL,10.2
KACLR,0.07
KACLU,10.25
KAHC,10.02
KAHC.U,10.02
KAHC.WS,0.08
KAI,188.03
KAII,10.0
KAIR,10.02
KAIRU,10.01
KAL,0.092
KALA,6.42
KALU,94.98
KALV,5.22
KALWW,0.026
KAMN,19.86
KAR,14.65
KARO,23.86
KAVL,1.06
KB,37.63
KBAL,7.51
KBH,30.74
KBNT,1.079
KBR,49.17
KC,3.42
KCGI.U,10.18
KCGI.WS,0.15
KD,10.65
KDNY,21.45
KDP,36.59
KE,22.73
KELYA,16.89
KELYB,17.095
KEN,39.0
KEP,7.4
KEQU,16.62
KERN,1.28
KERNW,0.018
KEX,68.52
KEY,19.17
KEY-PI,24.1
KEY-PJ,22.436
KEY-PK,21.8
KEY-PL,24.62
KEYS,172.48
KFFB,7.55
KFRC,58.03
KFS,7.11
KFY,56.89
KGC,4.17
KHC,37.04
KIDS,44.94
KIII,9.985
KIM,22.09
KIM-PL,20.47
KIM-PM,20.86
KIND,2.64
KINS,0.91
KINZ,10.1
KINZU,10.08
KINZW,0.048
KIQ,0.26
KIRK,4.39
KITT,3.66
KITTW,0.25
KKR,54.17
KLAC,385.55
KLAQ,9.99
KLIC,47.82
KLR,1.07
KLR.WS,0.124
KLTR,1.94
KLXE,17.02
KMB,128.14
KMDA,4.5
KMI,18.66
KMPH,4.45
KMPR,53.77
KMT,27.06
KMX,72.66
KN,15.29
KNBE,24.6
KNDI,2.94
KNOP,14.31
KNSA,15.76
KNSL,286.1
KNSW,10.05
KNSW.U,10.05
KNSW.WS,0.05
KNTE,10.11
KNTK,35.39
KNW,1.7
KNX,56.62
KO,60.63
KOD,8.01
KODK,4.78
KOF,67.92
KOP,28.25
KOPN,1.28
KORE,2.7
KORE.WS,0.21
KOS,6.95
KOSS,6.29
KPLT,0.978
KPLTW,0.11
KPRX,6.18
KPTI,5.63
KR,46.87
KRBP,0.285
KRC,42.54
KREF,16.94
KREF-PA,18.547
KRG,21.98
KRKR,1.09
KRMD,2.92
KRNL,10.0
KRNLU,10.0
KRNLW,0.01
KRNT,29.41
KRNY,9.51
KRO,10.14
KRON,7.775
KROS,44.76
KRP,17.41
KRT,13.73
KRTX,230.77
KRUS,64.59
KRYS,77.21
KSCP,2.63
KSI,9.92
KSICW,0.03
KSPN,0.911
KSS,32.07
KT,13.77
KTB,43.19
KTCC,5.04
KTOS,10.75
KTRA,3.98
KTTA,1.03
KUKE,0.67
KULR,1.97
KURA,15.3
KVHI,11.15
KVSA,9.9
KVSC,9.87
KW,16.88
KWR,189.32
KXIN,0.495
KYCHR,0.088
KYMR,30.03
KZIA,0.66
KZR,8.02
L,55.58
LAAA,10.16
LAB,1.52
LABP,0.28
LAC,26.39
LAD,240.43
LADR,11.01
LAKE,13.25
LAMR,95.72
LANC,201.67
LAND,20.91
LANDM,23.59
LANDO,24.969
LARK,25.73
LASE,2.46
LASR,11.15
LATG,10.17
LATGW,0.1
LAUR,12.15
LAW,10.1
LAX,4.82
LAXXR,0.48
LAXXU,5.86
LAXXW,0.33
LAZ,38.72
LAZR,8.89
LAZY,14.81
LBAI,18.78
LBBB,10.11
LBBBU,10.25
LBC,11.93
LBPH,4.74
LBRDA,90.69
LBRDK,90.56
LBRDP,23.725
LBRT,17.35
LBTYA,20.22
LBTYB,18.4
LBTYK,20.84
LC,11.08
LCA,9.93
LCAA,10.0
LCFY,0.309
LCI,0.52
LCID,12.36
LCII,102.71
LCNB,17.24
LCTX,1.31
LCUT,7.0
LDHA,10.0
LDHAU,10.0
LDHAW,0.03
LDI,1.53
LDOS,104.69
LE,11.2
LEA,148.26
LECO,148.42
LEDS,2.5
LEE,28.915
LEG,36.0
LEGA,10.0
LEGAU,10.0
LEGAW,0.04
LEGH,17.07
LEGN,52.5
LEJU,1.714
LEN,87.75
LEN.B,71.77
LESL,16.3
LEU,40.0
LEV,3.39
LEV.WS,0.8
LEVI,16.38
LEXX,2.405
LEXXW,0.58
LFAC,10.13
LFG,25.83
LFLY,0.883
LFLYW,0.08
LFMD,2.47
LFMDP,14.0
LFST,5.88
LFT,1.991
LFT-PA,20.01
LFUS,249.6
LFVN,3.9
LGAC,10.0
LGACU,10.0
LGACW,0.038
LGF.A,7.79
LGF.B,7.25
LGHL,1.58
LGHLW,0.059
LGIH,96.64
LGL,4.99
LGL.WS,0.31
LGMK,0.73
LGND,79.06
LGO,5.35
LGST,10.23
LGSTW,0.017
LGTO,10.03
LGV,10.0
LGV.WS,0.079
LGVCW,0.07
LGVN,4.11
LH,245.78
LHAA,10.03
LHC,10.0
LHC.U,9.99
LHC.WS,0.006
LHCG,167.51
LHDX,0.435
LHX,221.24
LI,18.94
LIAN,1.75
LIBY,10.09
LIBYU,10.16
LICY,6.19
LIDR,0.96
LIDRW,0.1
LIFE,2.47
LII,271.34
LILA,8.27
LILAK,8.25
LILM,1.78
LILMW,0.19
LIN,332.56
LINC,6.85
LIND,10.35
LINK,9.533
LION,10.15
LIQT,0.45
LITB,1.15
LITE,57.71
LITM,3.45
LITT,9.85
LITTU,9.83
LITTW,0.06
LIVB,10.16
LIVE,25.378
LIVN,53.56
LIXT,0.551
LIXTW,0.085
LIZI,0.72
LJAQW,0.038
LKCO,0.2
LKFN,77.49
LKQ,54.65
LL,7.75
LLAP,2.67
LLY,349.95
LMACA,10.04
LMACU,10.01
LMACW,0.01
LMAT,46.57
LMB,8.97
LMDX,1.08
LMDXW,0.28
LMFA,0.784
LMND,24.55
LMNL,0.468
LMNR,13.75
LMST,25.05
LMT,467.25
LNC,34.16
LND,5.56
LNG,165.37
LNKB,7.975
LNN,168.31
LNSR,4.36
LNT,53.63
LNTH,59.05
LNW,64.05
LOAN,5.48
LOB,34.43
LOCC,9.83
LOCC.WS,0.245
LOCL,2.68
LOCL.WS,0.19
LOCO,11.02
LODE,0.398
LOGC,2.07
LOGI,62.02
LOKM,9.94
LOKM.U,9.95
LOKM.WS,0.15
LOMA,6.08
LOOP,3.03
LOPE,110.83
LOTZ,0.215
LOV,1.29
LOVE,27.17
LOW,208.84
LPCN,0.414
LPG,19.26
LPI,71.8
LPL,5.67
LPLA,234.92
LPRO,7.29
LPSN,24.36
LPTH,1.323
LPTV,3.97
LPTX,0.701
LPX,63.52
LQDA,4.87
LQDT,17.73
LRCX,490.74
LRFC,20.44
LRMR,3.03
LRN,35.79
LSAK,4.025
LSBK,13.0
LSCC,69.86
LSEA,5.48
LSEAW,0.105
LSF,1.74
LSI,106.25
LSPD,17.33
LSPR,10.13
LSPRW,0.095
LSTA,4.21
LSTR,173.49
LSXMA,44.5
LSXMB,47.3
LSXMK,44.42
LTBR,5.24
LTC,39.56
LTCH,1.22
LTCHW,0.1
LTH,12.67
LTHM,30.02
LTRN,5.59
LTRPA,0.972
LTRPB,28.0
LTRX,5.34
LTRY,0.298
LTRYW,0.033
LU,2.34
LUCD,2.0
LUCY,1.37
LUCYW,0.262
LULU,359.56
LUMN,6.08
LUMO,4.95
LUNA,6.33
LUNG,6.04
LUV,38.64
LUXH,1.75
LVAC,10.11
LVACU,10.1
LVLU,6.29
LVO,0.775
LVOX,2.06
LVOXW,0.287
LVRA,9.98
LVRAW,0.067
LVS,43.93
LVTX,5.34
LVWR,6.2
LVWR.WS,0.33
LW,81.29
LWAY,7.355
LWLG,9.19
LX,1.73
LXEH,2.9
LXFR,15.27
LXP,10.31
LXP-PC,48.378
LXRX,2.32
LXU,13.47
LYB,85.28
LYEL,4.6
LYFT,13.07
LYG,2.05
LYL,0.551
LYLT,2.12
LYRA,3.9
LYT,0.84
LYTS,10.67
LYV,74.28
LZ,9.91
LZB,27.46
M,21.44
MA,343.51
MAA,156.65
MAA-PI,55.47
MAC,13.16
MACA,10.02
MACAU,10.03
MACC,10.03
MACC.U,10.023
MACK,12.3
MAG,15.43
MAIA,3.76
MAIN,38.15
MAN,84.34
MANH,128.27
MANU,12.97
MAPS,1.36
MAPSW,0.162
MAQC,10.4
MAQCW,0.071
MAR,161.77
MARA,9.5
MARK,0.305
MARPS,9.9
MAS,50.94
MASI,126.58
MASS,10.5
MAT,17.46
MATV,18.97
MATW,27.85
MATX,66.23
MAX,14.31
MAXN,21.89
MAXR,25.93
MAYS,46.0
MBAC,9.925
MBCN,29.37
MBI,11.9
MBIN,24.7
MBINM,26.46
MBINN,22.25
MBINO,21.18
MBINP,24.6
MBIO,0.479
MBLY,29.91
MBNKP,24.5
MBOT,4.06
MBRX,0.95
MBSC,10.05
MBSC.U,10.04
MBSC.WS,0.07
MBTC,10.61
MBTCR,0.08
MBTCU,11.35
MBUU,59.73
MBWM,35.04
MC,46.39
MCAC,9.94
MCAE,10.08
MCAEU,9.67
MCAF,9.97
MCAGR,0.141
MCAGU,10.005
MCB,71.55
MCBC,11.22
MCBS,23.07
MCD,267.84
MCFT,25.25
MCG,4.75
MCHP,76.94
MCHX,1.79
MCK,353.68
MCLD,0.919
MCO,298.74
MCRB,7.14
MCRI,81.15
MCS,15.88
MCW,10.02
MCY,36.83
MD,16.12
MDB,182.1
MDC,32.04
MDGL,70.52
MDGS,7.08
MDGSW,0.175
MDH,9.979
MDIA,1.26
MDJH,1.675
MDLZ,64.65
MDNA,0.5
MDRR,0.774
MDRRP,23.09
MDRX,18.14
MDT,83.4
MDU,30.05
MDV,10.43
MDV-PA,20.9
MDVL,0.647
MDWD,1.67
MDWT,15.32
MDXG,3.45
MDXH,8.35
ME,3.875
MEAC,10.07
MEACW,0.028
MEC,10.9
MED,116.38
MEDP,226.57
MEDS,0.718
MEG,49.68
MEGL,2.76
MEI,45.87
MEIP,0.344
MEKA,9.89
MELI,1020.68
MEOA,10.29
MEOAU,10.28
MEOH,40.11
MER-PK,25.24
MERC,13.85
MESA,1.49
MESO,3.27
MET,74.28
MET-PA,21.42
MET-PE,24.5
MET-PF,21.28
META,117.08
METC,10.73
METX,0.267
METXW,0.05
MF,1.78
MFA,11.23
MFA-PB,21.0
MFA-PC,18.99
MFC,17.66
MFG,2.26
MFGP,6.13
MFH,0.66
MFIC,12.27
MFIN,6.7
MG,4.28
MGA,63.42
MGAM,0.905
MGEE,69.43
MGI,10.6
MGIC,17.03
MGLD,1.26
MGM,37.49
MGNI,11.47
MGNX,6.63
MGPI,115.24
MGRC,98.34
MGTA,1.5
MGTX,6.26
MGY,27.44
MGYR,12.84
MH-PA,6.17
MH-PC,6.22
MH-PD,6.24
MHH,14.01
MHK,106.27
MHLD,2.19
MHO,44.44
MHUA,9.14
MICS,4.655
MICT,0.877
MIDD,140.04
MIGI,0.39
MIMO,2.21
MIMO.WS,0.12
MIND,0.548
MINDP,6.6
MINM,0.197
MIR,6.39
MIR.WS,0.97
MIRM,20.03
MIRO,4.25
MIST,4.38
MIT,9.94
MITA,9.94
MITAW,0.07
MITK,11.43
MITO,0.32
MITQ,1.12
MITT,5.52
MITT-PA,17.55
MITT-PB,16.54
MITT-PC,17.38
MIXT,8.12
MKC,83.65
MKC.V,84.05
MKFG,1.71
MKFG.WS,0.235
MKL,1258.03
MKSI,81.0
MKTW,2.47
MKTX,264.7
ML,0.801
ML.WS,0.112
MLAB,188.84
MLAC,10.16
MLACW,0.04
MLAI,10.14
MLCO,7.56
MLI,67.89
MLKN,23.62
MLM,354.15
MLNK,15.18
MLP,9.28
MLR,27.05
MLSS,0.66
MLTX,8.95
MLVF,14.25
MMAT,1.88
MMC,163.62
MMI,37.65
MMLP,3.26
MMM,131.22
MMMB,1.08
MMP,52.06
MMS,62.45
MMSI,69.88
MMX,3.97
MMYT,29.89
MNDO,2.12
MNDY,107.81
MNK,11.85
MNKD,4.39
MNMD,2.86
MNOV,2.15
MNPR,2.81
MNRL,36.2
MNRO,45.87
MNSB,28.49
MNSBP,25.5
MNSO,10.94
MNST,98.14
MNTK,12.21
MNTN,10.12
MNTN.WS,0.025
MNTS,1.47
MNTSW,0.114
MNTV,8.63
MNTX,4.66
MO,43.66
MOB,1.38
MOBBW,0.17
MOBQ,1.11
MOBV,10.1
MOBVW,0.09
MOD,21.34
MODD,3.34
MODG,21.86
NTR,79.52
MODN,38.79
MODV,84.52
MOFG,35.14
MOG.A,87.45
MOG.B,85.17
MOGO,0.65
MOGU,2.47
MOH,312.03
MOLN,6.94
MOMO,6.15
MON,9.995
MONCU,10.0
MOND,9.405
MOR,3.93
MORF,29.98
MORN,245.05
MOS,52.59
MOTS,1.7
MOV,35.6
MOVE,1.92
MOXC,0.91
MP,35.36
MPAA,14.62
MPAC,10.43
MPB,33.5
MPC,120.0
MPLN,1.71
MPLN.WS,0.052
MPLX,32.86
MPRA,10.07
MPRAU,10.04
MPRAW,0.009
MPTI,10.32
MPW,12.61
MPWR,405.03
MPX,11.55
MQ,7.43
MRAI,0.924
MRAM,6.47
MRBK,32.38
MRC,11.57
MRCC,8.76
MRCY,50.11
MREO,0.792
MRIN,1.21
MRK,99.6
MRKR,0.347
MRM,5.62
MRNA,185.47
MRNS,4.79
MRO,32.94
MRSN,6.92
MRTN,21.29
MRTX,72.5
MRUS,18.33
MRVI,14.99
MRVL,44.7
MS,90.5
MS-PA,19.72
MS-PE,25.39
MS-PF,25.41
MS-PI,25.06
MS-PK,23.58
MS-PL,20.84
MS-PO,18.055
MS-PP,25.35
MSA,135.97
MSAC,9.982
MSACW,0.088
MSB,20.0
MSBI,26.91
MSBIP,25.69
MSC,2.29
MSCI,503.02
MSDA,9.99
MSDAU,10.0
MSDAW,0.05
MSEX,91.58
MSFT,241.97
MSGE,42.68
MSGM,6.97
MSGS,147.92
MSI,250.41
MSM,84.21
MSN,0.557
MSPR,1.08
MSPRW,0.021
MSPRZ,1.18
MSSAU,10.12
MSTR,436.06
MSVB,13.0
MT,26.85
MTA,4.98
MTAC,10.03
MTACW,0.09
MTAL,9.92
MTAL.WS,0.295
MTB,169.92
MTB-PH,23.4
MTBC,3.18
MTBCO,25.03
MTBCP,26.733
MTC,1.19
MTCH,51.92
MTCR,0.456
MTD,1408.03
MTDR,71.3
MTEK,1.196
MTEM,0.636
MTEX,22.81
MTG,13.29
MTH,83.35
MTLS,10.88
MTMT,1.97
MTN,241.98
MTNB,0.71
MTP,1.597
MTRN,82.53
MTRX,5.25
MTRYW,0.035
MTSI,71.82
MTTR,3.61
MTVC.U,10.1
MTVC.WS,0.07
MTW,9.84
MTX,56.7
MTZ,92.09
MU,63.1
MUFG,5.13
MULN,0.289
MUR,49.47
MURF,10.145
MURFU,10.14
MURFW,0.052
MUSA,284.48
MUX,5.14
MVBF,24.24
MVIS,3.31
MVST,2.48
MVSTW,0.35
MWA,11.41
MX,9.94
MXC,15.03
MXCT,6.84
MXL,36.99
MYE,21.92
MYFW,28.74
MYGN,20.88
MYMD,1.99
MYNA,4.6
MYNZ,7.81
MYO,0.95
MYOV,26.73
MYPS,4.25
MYRG,93.43
MYSZ,0.188
MYTE,11.03
,1.4
NAAC,10.02
NAACW,0.005
NAAS,5.76
NABL,11.58
NAII,8.17
NAK,0.264
NAOV,0.335
NAPA,14.57
NARI,83.62
NAT,3.5
NATH,63.14
NATI,41.02
NATR,8.42
NAUT,2.01
NAVB,0.276
NAVI,16.18
NBHC,48.67
NBIX,114.77
NBN,43.03
NBR,178.47
NBRV,2.26
NBSE,0.29
NBST,9.91
NBSTU,9.885
NBSTW,0.025
NBTB,47.67
NBTX,4.155
NBY,0.086
NC,46.89
NCAC,10.23
NCLH,18.3
NCMI,0.594
NCNA,1.02
NCNO,29.5
NCPLW,0.466
NCR,23.18
NCRA,1.43
NCSM,27.9
NCTY,0.892
NCV-PA,21.665
NDAC,10.02
NDACU,10.0
NDACW,0.007
NDAQ,64.79
NDLS,5.98
NDRA,0.2
NDSN,235.0
NE,40.86
NECB,14.16
NEE,82.91
NEE-PN,24.49
NEE-PP,51.18
NEE-PQ,50.525
NEE-PR,48.76
NEGG,2.02
NEM,45.69
NEN,78.03
NEO,11.26
NEOG,16.28
NEON,3.81
NEOV,3.9
NEP,78.44
NEPH,1.063
NEPT,0.98
NERV,3.45
NESR,7.06
NESRW,0.37
NET,56.4
NETC,10.11
NETC.WS,0.05
NETI,9.67
NEU,303.93
NEWP,2.145
NEWR,59.77
NEWT,15.62
NEX,10.28
NEXA,5.41
NEXI,0.455
NEXT,5.955
NFBK,15.67
NFE,49.31
NFG,63.93
NFGC,3.62
NFLX,310.2
NFNT,10.1
NFNT.U,10.23
NFNT.WS,0.2
NFYS,9.86
NFYS.U,9.95
NFYS.WS,0.1
NG,5.44
NGC,9.92
NGD,1.14
NGG,59.3
NGL,1.28
NGL-PB,9.35
NGL-PC,10.48
NGM,5.55
NGMS,17.82
NGS,11.11
NGVC,11.64
NGVT,78.56
NH,0.3
NHC,60.0
NHI,55.02
NHIC,9.98
NHICU,9.99
NHICW,0.06
NHTC,4.11
NHWK,1.56
NI,25.68
NI-PB,24.5
NIC,81.41
NICE,202.86
NICK,6.695
NILE,0.141
NILE-PD,13.5
NIMC,101.23
NINE,9.93
NIO,11.51
NISN,0.523
NIU,3.68
NJR,45.11
NKE,106.71
NKLA,3.08
NKSH,38.58
NKTR,3.92
NKTX,10.92
NL,7.43
NLS,1.56
NLSP,0.505
NLTX,0.425
NLY,21.01
NLY-PF,24.77
NLY-PG,23.05
NLY-PI,22.74
NM,2.33
NMFC,12.69
NMG,4.83
NMIH,21.55
NMK-PB,71.5
NMK-PC,85.87
NMM,26.46
NMR,3.61
NMRD,2.1
NMRK,8.51
NMTC,0.868
NMTR,2.255
NN,3.33
NNBR,1.96
NNDM,2.63
NNI,84.89
NNN,45.07
NNOX,14.34
NNVC,1.74
NOA,13.28
NOAH,17.47
NOC,500.72
NODK,13.4
NOG,38.0
NOGN,0.5
NOK,4.8
NOMD,16.61
NOTE,6.46
NOTE.WS,1.09
NOTV,23.1073
NOV,23.67
NOVA,23.28
NOVN,0.84
NOVT,160.9
NOVV,10.3
NOW,419.48
NPAB,10.08
NPCE,1.95
NPK,68.36
NPO,123.33
NR,4.07
NRAC,10.02
NRACU,10.0
NRACW,0.006
NRBO,1.42
NRC,36.99
NRDS,12.96
NRDY,2.48
NREF,17.84
NREF-PA,19.152
NRG,43.46
NRGV,3.94
NRIM,53.58
NRIX,14.2
NRP,45.5
NRSN,1.7
NRSNW,0.35
NRXP,0.931
NRXPW,0.2
NS,15.65
NS-PA,23.89
NS-PB,21.5
NS-PC,24.23
NSA,39.19
NSA-PA,23.39
NSC,248.14
NSIT,100.84
NSP,115.18
NSPR,1.01
NSSC,28.17
NSTB,9.97
NSTB.U,9.94
NSTB.WS,0.015
NSTC,9.93
NSTC.U,9.93
NSTD,9.93
NSTD.U,9.92
NSTG,7.59
NSTS,10.16
NSYS,13.47
NTAP,73.96
NTB,32.76
NTCO,5.17
NTCT,35.72
NTES,71.6
NTGR,19.1
NTIC,12.4
NTIP,2.23
NTLA,52.92
NTNX,29.06
NTRA,34.17
NTRB,4.11
NTRBW,3.3
NTRS,91.99
NTRSO,21.32
NTST,18.45
NTWK,3.09
NTZ,4.792
NU,4.91
NUBI,10.12
NUBIU,10.05
NUBIW,0.013
NUE,144.05
NURO,1.7
NUS,38.09
NUTX,1.08
NUVA,37.31
NUVB,1.92
NUVB.WS,0.16
NUVL,32.61
NUWE,0.113
NUZE,0.329
NVAC,9.99
NVAX,23.22
NVCN,6.5
NVCR,84.0
NVCT,6.82
NVDA,166.66
NVEC,65.8
NVEE,153.06
NVEI,32.52
NVFY,0.599
NVGS,13.04
NVIV,2.31
NVMI,89.51
NVNO,4.62
NVO,113.64
NVOS,0.244
NVR,4510.99
NVRO,45.8
NVS,83.83
NVSA,9.99
NVSAU,10.0
NVST,37.76
NVT,39.15
NVTA,7.895
NVTS,5.46
NVVE,6.78
NVVEW,0.075
NVX,7.11
NWBI,15.02
NWE,53.63
NWFL,30.05
NWG,5.95
NWL,13.97
NWLI,207.29
NWN,47.91
NWPX,35.38
NWS,18.41
NWSA,18.15
NX,23.74
NXE,4.66
NXGL,1.31
NXGLW,0.15
NXGN,20.34
NXL,1.82
NXLIW,0.2
NXPI,174.81
NXPL,1.8
NXPLW,0.67
NXRT,47.83
NXST,170.58
NXTC,1.66
NXTP,0.202
NYAX,24.9
NYC,2.771
PPC,24.84
NYCB,9.9
NYCB-PA,23.85
NYCB-PU,42.73
NYMT,2.8
NYMTL,18.31
NYMTM,20.82
NYMTN,20.19
NYMTZ,16.39
NYMX,0.311
NYT,36.47
NYXH,6.0
O,64.74
OABI,2.61
OAK-PA,24.3
OAK-PB,24.26
OB,4.13
OBE,8.07
OBLG,0.186
OBNK,42.43
OBSV,0.167
OBT,47.36
OC,91.54
OCAX,10.16
OCAXU,10.13
OCAXW,0.015
OCC,3.57
OCCI,9.15
OCCIN,22.32
OCCIO,23.24
OCFC,23.69
OCFCP,25.0
OCFT,0.882
OCG,0.683
OCGN,1.72
OCN,34.75
OCSL,6.96
OCUL,3.22
OCUP,2.85
OCX,0.408
ODC,32.05
ODFL,318.09
ODP,46.03
ODV,4.71
OEC,18.53
OEPW,10.04
OEPWU,10.04
OEPWW,0.0002
OESX,1.71
OFC,27.3
OFED,24.85
OFG,28.5
OFIX,17.32
OFLX,95.97
OFS,10.59
OG,0.26
OGE,38.26
OGEN,0.215
OGI,1.02
OGN,24.88
OGS,81.91
OHAA,9.95
OHAAU,9.9
OHI,31.19
OHPA,10.03
OHPAU,10.035
OHPAW,0.001
OI,16.89
OIG,0.245
OII,14.77
OIIM,4.375
OIS,7.17
OKE,65.25
OKTA,53.42
OKYO,2.2
OLB,0.91
OLED,113.44
OLIT,10.11
OLITU,10.13
OLITW,0.015
OLK,22.1
OLLI,57.06
OLMA,3.2
OLN,58.53
OLO,8.3
OLP,24.12
OLPX,6.04
OM,19.53
OMAB,69.46
OMC,77.0
OMCL,55.85
OMEG,10.02
OMER,2.69
OMEX,2.96
OMF,38.19
OMGA,6.2
OMI,20.3
OMIC,2.39
OMQS,5.83
ON,74.3
ONB,18.6
ONBPO,25.0
ONBPP,25.19
ONCR,0.525
ONCS,4.02
ONCT,1.01
ONCY,1.56
ONDS,3.18
ONEM,9.55
ONEW,32.98
ONFO,1.25
ONFOW,0.151
ONL,9.43
ONON,20.16
ONTF,7.93
ONTO,84.2
ONTX,0.84
ONVO,1.64
ONYX,10.24
ONYXW,0.08
OOMA,15.74
OP,0.25
OPA,10.0
OPA.WS,0.06
OPAD,0.86
OPAD.WS,0.09
OPAL,7.97
OPBK,11.23
OPCH,28.76
OPEN,2.05
OPFI,2.3
OPFI.WS,0.16
OPGN,0.22
OPHC,4.535
OPI,14.87
OPK,1.76
OPNT,20.18
OPOF,23.99
OPRA,5.41
OPRT,7.1
OPRX,22.04
OPT,5.468
OPTN,1.85
OPTT,0.695
OPY,38.07
OR,12.68
ORA,98.99
ORAN,10.08
ORC,10.63
ORCC,13.25
ORCL,79.18
ORGN,5.68
ORGNW,1.17
ORGO,2.87
ORGS,2.16
ORI,23.7
ORIA,9.975
ORIAU,9.89
ORIAW,0.064
ORIC,6.33
ORLA,3.49
ORLY,825.12
ORMP,9.0
ORN,2.3
ORRF,26.91
ORTX,0.45
OSBC,17.37
OSCR,2.89
OSG,2.97
OSH,23.48
OSI,9.93
OSI.WS,0.035
OSIS,88.15
OSK,93.66
OSPN,14.03
OSS,3.22
OST,1.23
OSTK,25.43
OSTR,9.96
OSTRU,9.99
OSTRW,0.035
OSUR,5.29
OSW,10.23
OTEC,10.31
OTECW,0.045
OTEX,29.45
OTIC,0.13
OTIS,78.71
OTLK,1.06
OTLY,2.04
OTMO,0.389
OTMOW,0.022
OTRK,2.14
OTRKP,0.87
OTTR,62.1
OUST,1.39
OUST.WS,0.145
OUT,18.36
OVBC,29.25
OVID,1.68
OVLY,19.94
OVV,58.48
OWL,12.6
OWLT,0.967
OWLT.WS,0.095
OXAC,10.32
OXACU,10.1
OXACW,0.041
OXBR,1.836
OXBRW,0.124
OXM,112.84
OXSQ,3.11
OXUS,10.2
OXUSW,0.056
OXY,74.43
OXY.WS,52.4
OYST,11.16
OZ,96.525
OZK,47.84
OZKAP,17.51
PAA,12.31
PAAS,14.86
PAC,172.95
PACB,10.41
PACI,10.01
PACI.U,10.1
PACI.WS,0.05
PACK,6.23
PACW,27.12
PACWP,25.43
PPG,129.5
PACX,10.04
PACXU,10.03
PACXW,0.013
PAFO,10.215
PAFOR,0.4
PAFOU,10.58
PAG,126.14
PAGP,12.93
PAGS,13.91
PAHC,13.13
PALI,0.067
PALT,1.54
PAM,27.06
PANA,9.88
PANL,5.07
PANW,162.38
PAR,25.26
PARA,19.44
PARAA,22.47
PARAP,30.71
PARR,24.05
PASG,1.47
PATH,13.41
PATI,8.12
PATK,54.32
PAVM,0.962
PAVMZ,0.47
PAX,13.74
PAY,11.77
PAYA,8.56
PAYC,347.19
PAYO,6.64
PAYOW,1.24
PAYS,2.74
PAYX,121.67
PB,73.72
PBA,35.18
PBAX,10.2
PBAXW,0.05
PBBK,12.34
PBF,20.99
PBFS,11.32
PBFX,22.19
PBH,58.79
PBHC,19.31
PBI,3.5
PBI-PB,19.5
PBLA,0.159
PBPB,5.69
PBR,11.97
PBR.A,10.56
PBT,21.89
PBTS,0.165
PBYI,3.4
PCAR,102.78
PCB,18.45
PCCT,10.21
PCCTU,10.305
PCG,14.44
PCG-PA,20.15
PCG-PB,18.5
PCG-PC,17.5
PCG-PD,17.0
PCG-PE,17.0
PCG-PG,16.85
PCG-PH,16.5
PCG-PI,15.44
PCH,46.99
PCOR,57.8
PCPC,24.97
PCPC.WS,0.19
PCRX,50.0
PCSA,2.06
PCSB,19.74
PCT,6.55
PCTI,4.61
PCTTU,8.8
PCTTW,2.8
PCTY,226.92
PCVX,44.04
PCX,10.125
PCXCW,0.02
PCYG,5.33
PCYO,9.45
PD,25.16
PDCE,80.48
PDCO,29.12
PDD,70.97
PDEX,16.85
PDFS,29.95
PDLB,9.72
PDM,10.49
PDOT,10.0
PDS,83.68
PDSB,8.68
PEAK,25.2
PEAR,2.49
PEARW,0.17
PEB,16.51
PEB-PE,19.33
PEB-PF,19.11
PEB-PG,18.775
PEB-PH,17.09
PEBK,28.29
PEBO,29.27
PECO,31.11
PED,1.18
PEG,57.11
PEGA,38.17
PEGR,9.91
PEGRU,9.98
PEGY,3.11
PEI,3.34
PEI-PB,2.91
PEI-PC,2.885
PEI-PD,2.9
PEN,195.99
PENN,37.8
PEP,177.19
PEPG,14.41
PEPL,10.07
PEPLU,9.94
PEPLW,0.011
PERF,9.95
PERF.WS,0.21
PERI,26.0
PESI,4.18
PET,2.76
PETQ,11.64
PETS,20.46
PETV,2.375
PETVW,0.42
PETWW,0.18
PETZ,2.41
PEV,1.582
PFBC,74.74
PFC,30.51
PFDR,9.95
PFE,48.57
PFG,93.33
PFGC,58.09
PFHD,28.62
PFIE,1.07
PFIN,5.442
PFIS,56.6
PFLT,11.43
PFMT,2.36
PFS,22.67
PFSI,56.46
PFSW,10.86
PFTA,9.94
PFTAU,9.99
PFTAW,0.19
PFX,35.46
PG,140.49
PGC,40.97
PGEN,1.95
PGNY,37.41
PGR,123.06
PGRE,6.37
PGRU,4.96
PGRW,10.15
PGRWW,0.052
PGSS.WS,0.045
PGTI,20.24
PGY,1.27
PGYWW,0.15
PH,311.06
PHAR,11.69
PHAT,10.33
PHCF,0.466
PHG,14.86
PHGE,0.26
PHGE.U,0.32
PHGE.WS,0.035
PHI,27.25
PHIC,10.05
PHICU,10.035
PHICW,0.001
PHIO,0.451
PHM,43.62
PHR,25.15
PHUN,1.41
PHUNW,0.59
PHVS,3.03
PHX,3.85
PHYT,10.22
PHYT.WS,0.07
PI,114.66
PIAI,10.16
PIAI.U,10.15
PIAI.WS,0.031
PICC,9.95
PICC.U,9.95
PII,110.59
PIII,4.79
PIIIW,0.57
PIK,1.09
PINC,32.05
PINE,18.23
PINS,26.29
PIPR,148.66
PIRS,0.975
PIXY,20.42
PJT,78.38
PK,12.58
PKBK,21.42
PKBO,4.86
PKBOW,0.16
PKE,12.67
PKG,130.18
PKI,142.28
PKOH,14.78
PKX,55.09
PL,5.6
PL.WS,1.158
PLAB,19.09
PLAG,0.562
PLAO,10.265
PLAOU,10.23
PLAOW,0.04
PLAY,39.74
PLBC,33.88
PLBY,4.09
PLCE,39.17
PLD,112.75
PLG,1.72
PLL,59.93
PLM,3.09
PLMI,9.99
PLMIU,9.99
PLMIW,0.031
PLMR,65.7
PLNT,76.71
PLOW,39.14
PLPC,84.97
PLRX,21.68
PLSE,5.42
PLTK,10.14
PLTNU,10.1
PLTR,8.34
PLUG,17.56
PLUR,0.817
PLUS,53.03
PLX,1.059
PLXP,3.95
PLXS,105.78
PLYA,6.04
PLYM,19.87
PM,94.67
PMCB,3.0
PMD,6.16
PME,0.7
PMGM,9.95
PMGMU,9.94
PMN,6.0
PMT,15.37
PMT-PA,22.55
PMT-PB,22.38
PMT-PC,18.9
PMTS,24.216
PMVP,11.33
PNAC,10.05
PNACR,0.1
PNACW,0.04
PNBK,9.75
PNC,164.14
PNFP,85.79
PNFPP,24.7
PNM,47.9
PNNT,6.09
PNR,46.71
PNRG,81.37
PNT,6.11
PNTG,11.48
PNTM,10.04
PNTM.U,10.04
PNTM.WS,0.052
PNW,73.88
POAI,0.273
PODD,305.67
POET,3.0
POL,0.598
POL.WS,0.067
POLA,2.34
POND,10.04
POND.U,9.89
POND.WS,0.369
PONO,10.23
PONOU,9.99
PONOW,0.039
POOL,346.25
POR,46.33
PORT,9.99
PORT.WS,0.06
POSH,17.75
POST,86.89
POW,10.025
POWI,80.93
POWL,25.57
POWRU,10.02
POWW,2.33
POWWP,24.8
PPBI,36.99
PPBT,2.16
PPHPW,0.07
PPIH,9.55
PPL,27.49
PPSI,3.2
PPTA,2.38
PPYA,10.09
PPYAU,10.065
PR,11.41
PRA,19.86
PRAA,33.97
PRAX,2.14
PRBM,9.97
PRBM.U,10.01
PRCH,7.44
PRCT,45.87
PRDO,14.22
PRDS,1.15
PRE,2.72
PRE-PJ,20.46
PRFT,71.35
PRFX,0.55
PRG,18.96
PRGO,32.76
PRGS,52.44
PRI,140.27
PRIM,20.83
PRK,148.75
PRLB,23.58
PRLD,7.8
PRLH,10.14
PRLHU,10.13
PRLHW,0.05
PRM,9.84
PRME,20.2
PRMW,14.39
PRO,26.72
PROC,6.99
PROCW,0.75
PROF,5.13
PROK,10.84
PROV,14.34
PRPC,10.02
PRPC.WS,0.116
PRPH,11.81
PRPL,7.44
PRPO,0.8
PRQR,0.955
PRSO,1.46
PRSR,10.025
PRSRU,10.024
PRSRW,0.016
PRST,2.13
PRSTW,0.058
PRTA,62.17
PRTC,27.37
PRTG,6.01
PRTH,5.15
PRTK,2.15
PRTS,5.52
PRTY,1.04
PRU,107.91
PRVA,27.06
PRVB,9.06
PSA,289.1
PSA-PF,22.71
PSA-PG,22.13
PSA-PH,24.39
PSA-PI,21.49
PSA-PJ,20.5
PSA-PK,20.93
PSA-PL,20.27
PSA-PM,17.88
PSA-PN,17.01
PSA-PO,17.05
PSA-PP,17.79
PSA-PQ,17.213
PSA-PR,17.63
PSA-PS,17.9
PSAG,9.93
PSAGU,9.96
PSAGW,0.05
PSB-PX,14.013
PSB-PY,13.9
PSB-PZ,13.04
PSEC,7.57
PSEC-PA,16.61
PSFE,1.6
PSFE.WS,0.12
PSHG,3.6
PSMT,71.85
PSN,47.9
PSNL,2.81
PSNY,5.86
PSNYW,1.4
PSO,11.36
PSPC,9.79
PSPC.U,9.81
PSPC.WS,0.058
PSTG,31.56
PSTL,15.6
PSTV,0.434
PSTX,4.81
PSX,111.11
PT,0.43
PTC,132.01
PTCT,38.05
PTE,0.69
PTEN,18.99
PTGX,8.04
PTIC,9.9
PTICU,9.7
PTICW,0.121
PTIX,0.558
PTLO,22.54
PTMN,22.5
PTN,4.25
PTNR,7.22
PTOC,9.92
PTON,11.84
PTPI,0.49
PTRA,6.81
PTRS,8.3
PTSI,28.13
PTVE,11.47
PTWO,10.14
PTWOU,10.11
PTWOW,0.036
PUBM,16.37
PUCK,9.93
PUCKW,0.037
PUK,23.6
PULM,3.92
PUMP,11.59
PUYI,7.771
PV,10.03
PV.U,10.09
PV.WS,0.145
PVBC,10.1
PVH,61.75
PW,7.43
PW-PA,21.0
PWFL,2.8
PWOD,25.25
PWP,9.53
PWR,144.05
PWSC,21.03
PWUP,10.21
PWUPU,10.2
PWUPW,0.05
PX,10.0
PXD,262.39
PXLW,1.59
PXMD,1.76
PXS,5.05
PXSAP,24.1
PXSAW,1.3
PYCR,28.37
PYPD,0.802
PYPL,89.86
PYR,0.906
PYXS,1.46
PZG,0.378
PZZA,84.91
QBTS,2.63
QBTS.WS,0.18
QCOM,126.02
QCRH,51.81
QD,0.91
QDEL,91.45
QFIN,16.4
QFTA,9.93
QFTA.U,9.881
QGEN,47.9
QH,1.72
QIPT,4.48
QLGN,0.221
QLI,1.15
QLYS,127.79
QMCO,1.44
QNCX,0.777
QNRX,1.91
QNST,14.32
QRHC,6.97
QRTEA,2.36
QRTEB,7.138
QRTEP,40.15
QRVO,98.75
QS,8.11
QSI,3.13
QSIAW,0.52
QSR,59.74
QTEK,1.3
QTNT,1.51
QTRX,12.15
QTT,0.388
QTWO,29.09
QUAD,5.93
QUBT,2.32
QUIK,7.29
QUMU,0.72
QUOT,3.38
QURE,21.9
R,88.04
RAAS,1.0
RACB,10.045
RACE,215.44
RAD,6.83
RADA,9.9
RADI,10.84
RAIL,3.9
RAIN,6.3
RAM,10.21
RAMMU,10.15
RAMMW,0.1
RAMP,22.4
RAND,14.5
RANI,7.64
RAPT,23.57
RARE,35.46
RAVE,1.5
RBA,56.68
RBB,22.23
RBBN,2.69
RBC,241.66
RBCAA,44.72
RBCN,1.93
RBCP,117.33
RBKB,9.84
RBLX,36.73
RBOT,3.58
RBOT.WS,0.448
RBT,2.1
RBT.WS,0.066
RC,13.38
RC-PC,18.87
RC-PE,18.94
RCAC,9.92
RCACU,9.88
RCAT,1.31
RCEL,7.55
RCFA,10.17
RCFA.WS,0.09
RCI,43.24
RCII,22.25
RCKT,20.7
RCKY,27.31
RCL,60.68
RCLF,9.98
RCLFW,0.013
RCM,9.07
RCMT,15.64
RCON,1.01
RCOR,3.28
RCRT,0.505
RCRTW,0.092
RCUS,30.05
RDCM,10.1
RDFN,19.87
RDHL,0.548
RDI,3.62
RDIB,20.0
RDN,19.34
RDNT,16.99
RDVT,21.3
RDW,2.6
RDW.WS,0.28
RDWR,21.23
RDY,55.03
RE,316.21
REAL,1.96
REAX,1.39
REBN,1.03
REE,0.7
REED,0.112
REFI,15.62
REFR,2.45
REG,65.48
REGN,728.73
REI,3.16
REKR,1.02
RELI,0.655
RELIW,0.1
RELL,23.13
RELX,26.7
RELY,10.91
RENE,10.13
RENEU,10.15
RENEW,0.08
RENN,33.1
RENT,1.69
REPL,19.69
REPX,32.71
RERE,1.9
RES,9.99
RETA,41.67
RETO,0.528
REUN,1.487
REVB,0.23
REVBU,0.294
REVBW,0.025
REVG,14.09
REVH,10.05
REVHU,10.03
REVHW,0.002
REX,32.84
REXR,54.46
REXR-PB,22.95
REXR-PC,22.0
REYN,31.03
REZI,17.22
RF,23.13
RF-PB,25.36
RF-PC,21.93
RF-PE,18.86
RFIL,5.32
RFL,1.96
RFP,14.07
RGA,136.72
RGC,30.5
RGCO,23.04
RGEN,210.84
RGF,6.51
RGLD,105.65
RGLS,1.72
RGNX,21.97
RGP,19.03
RGR,55.99
RGS,1.29
RGTI,1.25
RGTIW,0.165
RH,296.1
RHE,2.695
RHE-PA,1.92
RHI,78.0
RHP,89.18
RIBT,1.28
RICK,84.17
RIDE,1.71
RIG,4.45
RIGL,0.751
RILY,44.55
RILYP,19.913
RIO,65.28
RIOT,5.22
RITM,8.99
RITM-PA,20.91
RITM-PB,20.08
RITM-PC,18.62
RITM-PD,20.03
RIVN,35.15
RJAC,9.96
RJF,122.86
RJF-PA,25.15
RJF-PB,24.805
RKDA,0.335
RKLB,5.22
RKLY,0.32
RKT,8.38
RKTA,10.0
RKTA.U,9.985
RKTA.WS,0.026
RL,103.87
RLAY,19.8
RLGT,5.78
RLI,128.23
RLJ,11.76
RLJ-PA,24.7
RLMD,5.89
RLX,1.6
RLYB,5.84
RM,29.48
RMAX,19.37
RMBI,13.24
RMBL,35.0
RMBS,38.43
RMCF,6.67
RMD,223.63
RMED,3.14
RMGC,10.0
RMGCW,0.044
RMNI,4.1
RMR,27.05
RMTI,1.32
RNA,14.3
RNAZ,0.548
RNER,10.16
RNERW,0.09
RNG,41.67
RNGR,10.85
RNLX,1.43
RNR,181.35
RNR-PF,22.85
RNR-PG,18.0
RNST,40.63
RNW,6.31
RNWK,0.716
RNWWW,1.12
RNXT,1.96
ROAD,31.55
ROC,10.124
ROCC,43.65
ROCG,10.09
ROCK,51.33
ROCLU,9.99
ROG,107.09
ROIC,15.27
ROIV,5.54
ROIVW,0.95
ROK,269.54
ROKU,59.07
ROL,41.47
ROOT,8.21
ROP,435.95
ROSE,10.23
ROSEW,0.062
ROSS,10.01
ROSS.U,10.03
ROSS.WS,0.05
ROST,97.8
ROVR,4.95
RPAY,8.13
RPD,30.92
RPHM,2.61
RPID,2.59
RPM,99.2
RPRX,42.08
RPT,11.0
RPT-PD,49.45
RPTX,17.11
RRAC,10.16
RRBI,56.35
RRC,29.36
RRGB,7.65
RRR,44.9
RRX,129.73
RS,203.15
RSG,128.82
RSI,4.11
RSKD,5.68
RSLS,0.236
RSSS,2.04
RSVR,6.37
RSVRW,1.28
RTL,6.39
RTLPO,20.95
RTLPP,21.3
RTO,31.41
RTX,95.79
RUBY,0.282
RUM,11.42
RUMBW,2.44
RUN,31.34
RUSHA,50.26
RUSHB,53.02
RUTH,18.02
RVLP,1.53
RVLV,28.69
RVMD,21.61
RVNC,23.76
RVP,2.43
RVPH,3.97
RVPHW,0.92
RVSB,7.32
RVSN,0.68
RVYL,0.959
RWAY,12.0
RWLK,0.875
RWOD,9.95
RWODU,10.08
RWT,7.71
RXDX,49.08
RXO,16.95
RXRA,10.02
RXRAU,10.0
RXRAW,0.002
RXRX,11.86
RXST,13.57
RXT,5.86
RY,99.17
RY-PT,25.4
RYAAY,76.65
RYAM,7.66
RYAN,34.03
RYI,27.17
RYN,35.7
RYTM,26.32
RZLT,1.59
S,19.3
SA,12.34
SABR,5.65
SABRP,76.48
SABS,1.06
SABSW,0.074
SACH,3.63
SACH-PA,19.52
SAFE,31.23
SAFT,85.31
SAGA,10.04
SAGAR,0.08
SAGE,35.25
SAH,51.65
SAI,2.39
SAIA,261.59
SAIC,107.2
SAITW,0.032
SAL,28.94
SALM,1.47
SAM,387.27
SAMA,9.99
SAMAU,9.95
SAMAW,0.025
SAMG,18.21
SAN,2.68
SANA,6.66
SAND,5.22
SANG,4.37
SANM,65.92
SANW,1.01
SAP,109.81
SAR,24.18
SASI,0.61
SASR,35.12
SATL,4.87
SATS,17.91
SATX,31.8
SATX.WSA,0.4
SAVA,40.1
SAVE,21.64
SB,3.13
SB-PC,24.401
SB-PD,24.75
SBAC,295.18
SBCF,32.72
SBET,0.705
SBEV,1.07
SBEV.WS,0.4
SBFG,16.84
SBFM,0.837
SBFMW,0.55
SBGI,20.21
SBH,17.42
SBIG,1.0
SBIGW,0.038
SBII.U,10.038
SBLK,20.31
SBNY,147.94
SBNYP,17.58
SBOW,35.48
SBRA,12.46
SBS,10.97
SBSI,35.66
SBSW,10.62
SBT,6.42
SBUX,97.83
SCAQ,9.93
SCCO,60.64
SCE-PG,18.66
SCE-PH,21.08
SCE-PJ,18.56
SCE-PK,19.98
SCE-PL,18.31
SCHL,39.47
SCHN,32.61
SCHW,78.3
SCHW-PD,24.49
SCHW-PJ,19.4
SCI,71.14
SCKT,2.0
SCL,109.13
SCLE,10.02
SCLEU,10.0
SCLEW,0.003
SCM,13.8
SCMA,10.1
SCMAU,10.09
SCMAW,0.075
SCOA,10.04
SCOAU,10.03
SCOAW,0.02
SCOB,10.02
SCOBU,10.02
SCOR,1.63
SCPH,6.58
SCPL,15.14
SCPS,0.245
SCRM,9.845
SCRMU,9.92
SCRMW,0.24
SCS,8.35
SCSC,32.05
SCTL,1.67
SCU,8.67
SCUA,10.14
SCUA.U,10.08
SCVL,24.46
SCWO,3.35
SCWX,7.61
SCX,7.38
SCYX,2.02
SD,20.64
SDAC,10.01
SDACU,10.01
SDACW,0.027
SDC,0.763
SDGR,22.27
SDIG,0.867
SDPI,0.84
SDRL,31.77
SE,62.31
SEAC,0.425
SEAL-PA,24.2
SEAL-PB,23.7
SEAS,56.53
SEAT,8.32
SEB,3856.17
SECO,0.323
SEDA,9.95
SEDA.U,9.93
SEDA.WS,0.09
SEDG,287.97
SEE,50.05
SEED,9.91
SEEL,0.9
SEER,8.21
SEIC,60.89
SELB,1.52
SELF,5.34
SEM,24.58
SEMR,10.01
SENEA,63.95
SENEB,64.0
SENS,1.25
SERA,1.43
SES,5.3
SESN,0.551
SEV,1.34
SF,65.53
SF-PB,24.69
SF-PC,23.902
SF-PD,17.16
SFBC,40.11
SFBS,77.86
SFET,3.269
SFIX,4.48
SFL,10.64
SFM,33.45
SFNC,24.21
SFST,47.5
SFT,0.374
SG,14.89
SGA,24.06
SGBX,1.17
SGC,10.22
SGEN,133.74
SGFY,28.36
SGH,17.42
SGHC,3.85
SGHC.WS,0.927
SGHLU,10.7
SGHT,10.54
SGIIW,0.01
SGLY,2.57
SGMA,5.48
SGML,31.97
SGMO,3.91
SGRP,1.35
SGRY,29.0
SGTX,0.456
SGU,8.65
SHAC,10.0
SHACW,0.001
SHAK,51.67
SHAP,10.15
SHAP.U,10.14
SHAP.WS,0.04
SHBI,19.84
SHC,6.97
SHCA,10.19
SHCR,1.67
SHCRW,0.155
SHEL,56.28
SHEN,18.89
SHFS,3.86
SHFSW,0.075
SHG,27.86
SHIP,0.515
SHLS,27.4
SHO,10.69
SHO-PH,20.3
SHO-PI,19.349
SHOO,34.31
SHOP,40.02
SHPH,2.0
SHPW,0.665
SHPW.WS,0.035
SHQAU,9.99
SHQAW,0.003
SHUA,10.21
SHW,240.59
SHYF,26.34
SI,29.36
SI-PA,13.25
SIBN,13.77
SID,2.88
SIDU,1.87
SIEB,1.68
SIEN,0.328
SIER,10.06
SIERU,10.06
SIF,2.97
SIFY,1.52
SIG,81.61
SIGA,9.44
SIGI,91.66
SIGIP,17.16
SII,37.47
SILC,43.64
SILK,50.69
SILO,3.6
SILV,6.29
SIM,30.125
SIMO,62.96
SINT,0.1
SIOX,0.308
SIRE,21.358
SIRI,6.47
SISI,0.88
SITC,13.25
SITC-PA,21.65
SITE,129.97
SITM,111.19
SIVB,239.93
SIVBP,18.61
SIX,24.01
SJ,1.56
SJI,34.31
SJM,140.48
SJR,27.15
SJW,72.29
SKE,5.35
SKGR,10.08
SKIL,6.64
SKIN,10.46
SKLZ,1.19
SKM,21.09
SKT,19.47
SKX,40.24
SKY,50.99
SKYA,9.98
SKYAU,9.95
SKYAW,0.05
SKYH,3.49
SKYH.WS,0.32
SKYT,9.5
SKYW,17.92
SKYX,2.99
SLAB,145.89
SLAC,10.01
SLAC.U,10.02
SLAC.WS,0.148
SLAM,9.99
SLAMU,9.98
SLB,54.67
SLCA,13.96
SLDB,6.65
SLDP,5.39
SLDPW,1.04
SLF,45.98
SLG,41.0
SLG-PI,20.4
SLGC,2.93
SLGCW,0.37
SLGG,0.712
SLGL,4.875
SLGN,49.43
SLI,4.43
SLM,17.3
SLMBP,57.875
SLN,13.79
SLNA,4.59
SLNG,6.93
SLNH,0.818
SLNHP,2.65
SLNO,1.09
SLP,43.2
SLQT,0.768
SLRC,14.22
SLRX,2.15
SLS,2.24
SLVM,48.57
SLVR,9.895
SM,38.06
SMAP,10.07
SMAR,32.08
SMBC,51.85
SMBK,29.88
SMCI,86.89
SMFG,6.4
SMFL,0.43
SMFR,0.88
SMFRW,0.1
SMG,63.13
SMHI,7.8
SMID,20.88
SMIH,9.94
SMIHU,9.96
SMIHW,0.105
SMIT,1.158
SMLP,20.2
SMLR,33.07
SMMF,28.7
SMMT,1.09
SMP,40.72
SMPL,38.31
SMR,11.53
SMR.WS,2.2
SMRT,3.01
SMSI,2.37
SMTC,30.61
SMTI,36.38
SMWB,6.64
SNA,236.31
SNAL,3.35
SNAP,11.78
SNAX,0.4
SNAXW,0.05
SNBR,33.82
SNCE,0.841
SNCR,0.956
SNCY,23.0
SND,2.13
SNDA,15.58
SNDL,2.68
SNDR,25.1
SNDX,21.88
SNES,0.195
SNEX,96.6
SNFCA,7.03
SNGX,0.662
SNMP,0.226
SNN,25.27
SNOA,2.23
SNOW,163.49
SNPO,9.5
SNPS,334.2
SNPX,6.07
SNRH,10.035
SNRHU,10.03
SNSE,1.42
SNT,1.56
SNTG,2.7
SNTI,2.43
SNV,43.36
SNV-PD,24.52
SNV-PE,23.65
SNX,102.22
SNY,43.55
SO,65.89
SOBR,1.48
SOFI,5.85
SOFO,1.054
SOHO,2.12
SOHOB,22.065
SOHON,21.6
SOHOO,21.7
SOHU,14.24
SOI,11.91
SOL,5.0
SOLO,1.28
SOLOW,0.14
SON,58.36
SOND,1.91
SONDW,0.165
SONM,0.45
SONN,1.22
SONO,17.8
SONX,1.9
SONY,82.68
SOPA,1.66
SOPH,2.05
SOS,4.78
SOTK,5.85
SOUN,1.82
SOUNW,0.292
SOVO,14.1
SP,34.2
SPB,50.44
SPCB,0.237
SPCE,5.49
SPCM,10.255
SPCMW,0.126
SPFI,30.79
SPG,120.16
SPG-PJ,60.65
SPGI,354.66
SPGS,10.025
SPGS.U,10.02
SPH,15.9
SPI,1.54
SPIR,1.44
SPK,10.17
SPKAR,0.153
SPKAU,10.3
SPKB,10.0
SPKBU,10.0
SPKBW,0.01
SPLK,85.0
SPLP,42.5
SPLP-PA,23.25
SPNE,7.15
SPNS,19.51
SPNT,6.04
SPNT-PB,23.11
SPOK,8.18
SPOT,85.11
SPPI,0.515
SPR,26.69
SPRB,1.05
SPRC,1.0
SPRO,1.88
SPRY,6.5
SPSC,134.76
SPT,67.54
SPTK,10.01
SPTKU,10.0
SPTKW,0.018
SPTN,32.46
SPWH,9.96
SPWR,22.71
SPXC,71.17
SQ,73.38
SQFT,1.17
SQFTP,20.2
SQFTW,0.093
SQL,0.45
SQLLW,0.033
SQM,102.5
SQNS,3.66
SQSP,21.24
SQZ,2.76
SR,70.01
SR-PA,23.64
SRAD,10.15
SRAX,1.7
SRC,40.44
SRC-PA,22.35
SRCE,57.57
SRCL,51.27
SRDX,34.8
SRE,155.43
SRG,11.91
SRG-PA,23.438
SRGA,2.5
SRI,25.76
SRL,8.06
SRNE,1.65
SRPT,109.68
SRRK,11.88
SRT,3.28
SRTS,7.84
SRZN,1.25
SSAA,10.03
SSAAW,0.004
SSB,86.28
SSBI,15.44
SSBK,29.4
SSD,92.49
SSKN,0.819
SSL,17.54
SSNC,53.35
SSNT,3.64
SSP,14.88
SSRM,14.51
SSSS,9.2368
SST,5.17
SST.WS,0.787
SSTI,34.53
SSTK,56.06
SSU,5.61
SSU.WS,0.151
SSY,0.872
SSYS,14.24
ST,45.08
STAA,66.3
STAB,0.12
STAF,2.88
STAG,32.68
STAR,11.01
STAR-PD,24.788
STAR-PG,24.175
STAR-PI,24.2
STBA,38.07
STBX,2.16
STC,40.41
STCN,1.37
STE,167.73
STEL,34.06
STEM,14.16
STEP,31.33
STER,13.53
STET,10.09
STET.U,10.15
STG,3.96
STGW,8.0
STIM,4.9
STIX,1.58
STIXW,0.025
STKH,1.847
STKL,8.2
STKS,6.5
STLA,14.87
STLD,100.48
STM,38.79
STN,50.08
STNE,11.39
STNG,49.37
STOK,9.99
STOR,31.7
STR,32.64
STR.WS,0.173
STRA,79.09
STRC,1.38
STRCW,0.1
STRE,10.03
STRE.U,10.0
STRL,31.2
STRM,1.75
STRN,1.39
STRNW,0.163
STRO,7.33
STRR,0.9
STRRP,9.89
STRS,25.39
STRT,29.1
STRY,0.272
STSA,0.627
STSS,1.07
STSSW,0.317
STT,79.46
STT-PD,24.42
STT-PG,24.75
STTK,4.92
STVN,15.0
STWD,21.16
STX,55.73
STXS,2.08
STZ,243.45
SU,37.02
SUAC,10.05
SUI,139.01
SUM,29.67
SUMO,8.21
SUN,42.74
SUNL,1.69
SUNL.WS,0.248
SUNW,2.6
SUP,4.78
SUPN,34.0
SUPV,1.78
SURF,1.14
SURG,5.23
SURGW,1.99
SUZ,10.89
SVC,7.77
SVFA,10.04
SVFAU,10.03
SVFAW,0.035
SVFB,10.01
SVFD,1.51
SVII,10.11
SVIIR,0.155
SVIIU,10.36
SVIIW,0.18
SVM,2.77
SVNA,10.16
SVRA,1.31
SVRE,1.39
SVREW,0.103
SVT,11.5
SVVC,1.23
SWAV,253.59
SWBI,12.18
SWCH,34.1
SWET,10.03
SWETU,10.0
SWETW,0.0004
SWI,9.34
SWIM,3.14
SWIR,28.83
SWK,85.34
SWKH,19.1
SWKS,96.54
SWN,7.12
SWSS,10.02
SWSSU,10.02
SWSSW,0.045
SWTX,27.4
SWVL,0.41
SWVLW,0.018
SWX,65.27
SXC,8.47
SXI,107.0
SXT,72.17
SXTC,0.67
SY,0.62
SYBT,74.92
SYBX,0.749
SYF,35.92
SYF-PA,18.7
SYK,221.97
SYM,9.34
SYNA,105.24
SYNH,34.13
SYPR,2.18
SYRS,4.01
SYTA,0.187
SYTAW,0.072
SYY,83.45
SZZL,10.135
SZZLU,10.14
SZZLW,0.291
T,19.02
T-PA,20.02
T-PC,18.35
TA,52.03
TAC,9.23
TACT,6.19
TAIT,3.834
TAK,13.75
TAL,5.61
TALK,0.757
TALKW,0.11
TALO,21.14
TALS,1.47
TANH,2.33
TAOP,0.625
TAP,52.08
TAP.A,79.5
TARA,2.96
TARO,28.92
TARS,17.8
TASK,22.26
TAST,1.66
TATT,6.31
TAYD,12.61
TBBK,30.88
TBCP,9.96
TBCPU,9.97
TBCPW,0.01
TBI,21.25
TBK,58.8
TBKCP,24.065
TBLA,1.96
TBLAW,0.33
TBLT,3.22
TBLTW,0.197
TBNK,20.54
TBPH,11.33
TC,7.92
TCBC,14.96
TCBI,58.97
TCBIO,20.8
TCBK,55.8
TCBP,0.17
TCBS,15.35
TCBX,19.07
TCDA,0.244
TCFC,40.16
TCI,40.59
TCMD,8.45
TCN,9.1
TCOA,9.93
TCOA.WS,0.045
TCOM,29.28
TCON,1.53
TCPC,13.43
TCRR,1.41
TCRT,1.02
TCRX,2.68
TCS,4.86
TCVA,9.91
TCX,32.82
TD,66.05
TDC,33.99
TDCX,13.64
TDG,618.01
TDOC,32.67
TDS,10.25
TDS-PU,18.985
TDS-PV,17.02
TDUP,1.2
TDW,32.38
TDW.WS,1.9
TDW.WSA,1.048
TDW.WSB,0.663
TDY,413.27
TEAM,141.18
TECH,352.29
TECK,34.55
TECTP,10.24
TEDU,4.54
TEF,3.67
TEL,127.03
TELA,8.1
TELL,2.92
TEN,19.99
TENB,40.33
TENX,0.135
TEO,3.99
TER,96.59
TERN,4.71
TESS,4.89
TETCU,9.94
TETE,10.21
TETEU,10.073
TETEW,0.03
TEVA,9.18
TEX,45.2
TFC,46.33
TFC-PI,18.65
TFC-PO,22.3
TFC-PR,20.07
TFFP,1.2
TFII,105.2
TFPM,11.3
TFSL,14.15
TFX,215.02
TG,10.07
TGAA,10.16
TGAAU,10.14
TGAAW,0.05
TGAN,6.27
TGB,1.39
TGH,30.94
TGH-PA,23.76
TGH-PB,20.8
TGI,11.99
TGL,1.99
TGLS,24.61
TGNA,19.32
TGS,8.92
TGT,178.98
TGTX,8.81
TGVC,10.08
TGVCW,0.012
TH,12.83
THAC,10.25
THACW,0.04
THC,43.97
THCA,10.44
THCAW,0.03
THCH,3.83
THCHW,0.16
THCP,9.8
THFF,48.35
THG,138.53
THM,0.455
THMO,0.116
THO,88.49
THR,19.72
THRD,18.23
THRM,74.21
THRN,4.13
THRX,6.72
THRY,19.46
THS,46.75
THTX,1.91
THWWW,4.21
TIG,2.55
TIGO,13.31
TIGR,4.99
TIL,2.11
TILE,11.0
TIMB,12.8
TINV,10.18
TINV.U,10.18
TIOA,10.0
TIOAW,0.037
TIPT,13.21
TIRX,0.56
TISI,0.767
TITN,34.5
TIVC,1.63
TIXT,20.39
TJX,75.12
TK,4.41
TKAT,0.87
TKC,4.08
TKLF,1.349
TKNO,5.36
TKR,74.37
TLF,4.091
TLGA,9.99
TLGY,10.12
TLIS,0.5
TLK,25.83
TLRY,5.325
TLS,4.76
TLSA,0.661
TLYS,9.39
TM,143.75
TMAC,10.03
TMAC.U,10.02
TMBR,1.73
TMC,0.93
TMCI,20.54
TMCWW,0.14
TMDI,0.431
TMDX,57.53
TME,5.81
TMHC,28.19
TMKR,10.09
TMKRU,10.19
TMKRW,0.19
TMO,546.09
TMP,84.49
TMQ,0.59
TMST,19.37
TMUS,145.0
TNC,65.55
TNDM,42.27
TNET,69.63
TNGX,8.1
TNK,33.21
TNL,39.57
TNON,2.27
TNP,18.49
TNP-PD,24.15
TNP-PE,24.42
TNP-PF,23.95
TNXP,0.495
TNYA,2.93
TOI,2.04
TOIIW,0.17
TOL,46.24
TOMZ,0.62
TOP,4.86
TOPS,3.41
TOST,20.45
TOUR,1.05
TOVX,0.658
TOWN,32.87
TPB,21.46
TPBA,9.9
TPBAU,10.53
TPBAW,0.61
TPC,7.22
TPG,38.9
TPH,18.44
TPHS,0.588
TPIC,15.0965
TPL,2699.9
TPR,34.98
TPST,1.65
TPVG,12.95
TPX,32.65
TR,42.41
TRAQ,10.17
TRAQ.U,10.118
TRC,18.03
TRCA,10.0
TRCA.WS,0.018
TRDA,17.96
TREE,26.44
TREX,48.92
TRGP,74.19
TRHC,3.78
TRI,110.7
TRIB,1.33
TRIN,11.3
TRIP,21.33
TRIS,10.03
TRKA,0.3
TRKAW,0.04
TRMB,59.83
TRMD,27.59
TRMK,36.9
TRMR,6.55
TRN,33.105
TRNO,58.24
TRNS,80.82
TRON,10.17
TRONW,0.015
TROO,1.79
TROW,126.35
TROX,20.59
TRP,47.81
TRQ,31.27
TRS,26.5
TRST,38.04
TRT,4.98
TRTL,9.88
TRTL.U,10.07
TRTN,65.4
TRTN-PA,25.79
TRTN-PB,25.32
TRTN-PC,24.79
TRTN-PD,23.68
TRTN-PE,21.1
TRTX,7.35
TRTX-PC,16.76
TRU,65.32
TRUE,2.59
TRUP,62.66
TRV,179.5
TRVG,1.27
TRVI,2.2
TRVN,3.46
TRX,0.383
TS,34.85
TSAT,8.99
TSBK,34.01
TSCO,216.2
TSE,25.39
TSEM,43.24
TSHA,2.2
TSIB,10.03
TSIBU,10.0
TSIBW,0.002
TSLA,194.42
TSLX,18.63
TSM,80.46
TSN,64.34
TSP,2.79
TSPQ,9.95
TSPQ.U,9.94
TSPQ.WS,0.009
TSQ,12.31
TSRI,9.27
TSVT,16.87
TT,176.88
TTC,111.6
TTCF,3.35
TTD,53.56
TTE,59.56
TTEC,47.5
TTEK,157.78
TTGT,48.73
TTI,3.88
TTM,27.03
TTMI,15.23
TTNP,0.963
TTOO,2.03
TTSH,4.32
TTWO,101.03
TU,21.77
TUEM,0.138
TUP,5.49
TURN,5.61
TUSK,6.09
TUYA,1.09
TV,5.69
TVTX,21.51
TW,58.5
TWCB,9.81
TWI,14.85
TWIN,10.76
TWKS,9.51
TWLO,53.88
TWLV,9.95
TWLVW,0.01
TWND,10.08
TWNI,9.99
TWNI.U,10.0
TWNI.WS,0.01
TWNK,26.67
TWO,16.57
TWO-PA,20.09
TWO-PB,19.1
TWO-PC,19.05
TWOA,9.996
TWOU,11.78
TWST,30.43
TX,32.21
TXG,40.5
TXMD,5.93
TXN,177.57
TXRH,98.09
TXT,70.2
TYDE,0.45
TYL,337.2
TYRA,7.49
TZOO,6.269
TZPS,9.99
U,36.04
UA,8.33
UAA,9.61
UAL,44.04
UAMY,0.36
UAN,121.47
UAVS,0.577
UBA,18.81
UBCP,14.91
UBER,31.57
UBFO,6.96
UBP,18.99
UBP-PH,20.7
UBP-PK,19.64
UBS,18.43
UBSI,42.85
UBX,2.62
UCBI,37.69
UCBIO,24.9
UCL,2.07
UCTT,34.93
UDMY,14.91
UDR,39.77
UE,15.28
UEC,4.12
UEIC,22.9
UFAB,0.8
UFCS,29.7
UFI,8.32
UFPI,79.28
UFPT,116.11
UG,11.2
UGI,38.07
UGIC,88.73
UGP,2.61
UGRO,4.16
UHAL,52.07
UHALB,59.58
UHS,127.63
UHT,49.99
UI,292.03
UIHC,0.34
UIS,4.71
UK,1.66
UKOMW,0.024
UL,47.92
UVE,10.36
ULBI,4.69
ULCC,13.95
ULH,38.33
ULTA,436.27
UMBF,84.19
UMC,7.58
UMH,17.28
UMH-PD,23.725
UMPQ,20.4
UNAM,1.26
UNB,24.3
UNCY,0.7
UNF,189.87
UNFI,45.58
UNH,503.01
UNIT,7.7
UNM,40.55
UNP,210.66
UNTY,28.48
UNVR,29.35
UONE,5.51
UONEK,4.69
UP,1.56
UP.WS,0.145
UPC,1.24
UPH,0.423
UPH.WS,0.051
UPLD,8.36
UPS,181.47
UPST,21.64
UPTD,10.14
UPTDU,10.11
UPWK,21.085
UPXI,4.47
URBN,26.02
URG,1.34
URGN,9.08
URI,354.89
UROY,2.92
USAC,18.39
USAP,7.74
USAS,0.522
USAU,4.24
USB,43.77
USB-PA,850.0
USB-PH,19.03
USB-PP,24.29
USB-PQ,16.859
USB-PR,17.95
USB-PS,20.37
USCB,13.29
USCT,10.22
USCTU,10.211
USCTW,0.015
USDP,3.92
USEA,2.99
USEG,2.89
USER,7.43
USFD,34.21
USIO,2.27
USLM,129.17
USM,22.23
USNA,52.33
USPH,84.72
USX,1.96
UTAA,10.117
UTAAU,10.06
UTHR,259.12
UTI,7.48
UTL,52.11
UTMD,90.04
UTME,1.76
UTRS,0.233
UTSI,4.24
UTZ,17.57
UUU,3.23
UUUU,7.46
UVSP,28.05
UVV,55.59
UWMC,4.19
UWMC.WS,0.24
UXIN,3.33
V,209.99
VABK,34.1
VAC,146.66
VACC,2.59
VAL,69.1
VAL.WS,13.02
VALE,15.81
VALN,14.54
VALU,63.5
VANI,1.59
VAPO,0.549
VAQC,9.99
VATE,1.0
VAXX,1.76
VBFC,51.53
VBIV,0.684
VBLT,0.13
VBNK,6.89
VBTX,32.85
VC,144.52
VCEL,23.28
VCNX,0.57
VCSA,1.87
VCTR,31.84
VCXA,9.85
VCXAU,9.81
VCXAW,0.04
VCXB,10.2
VCXB.U,10.21
VCXB.WS,0.038
VCYT,28.82
VECO,19.73
VECT,8.05
VEDU,0.778
VEEE,2.22
VEEV,191.66
VEL,10.17
VELO,10.01
VELOW,0.001
VENA,8.61
VENAU,9.0
VENAW,0.06
VEON,0.427
VERA,16.85
VERB,0.19
VERBW,0.082
VERI,7.27
VERO,0.21
VERU,6.27
VERV,26.06
VERX,17.71
VERY,7.0
VET,20.77
VEV,1.17
VFC,33.45
VFF,2.23
VGFC,0.072
VGR,10.68
VGZ,0.59
VHAQ,10.5
VHAQ.R,0.18
VHAQ.WS,0.09
VHC,1.27
VHI,25.07
VHNAW,0.029
VIA,7.36
VIAO,1.64
VIASP,24.075
VIAV,11.03
VICI,31.85
VICR,56.42
VIEW,1.4
VIEWW,0.061
VIGL,11.0
VII,10.02
VIIAU,10.02
VIIAW,0.012
VINC,4.265
VINE,1.524
VINO,1.565
VINP,9.885
VIOT,1.04
VIPS,9.17
VIR,27.35
VIRC,4.12
VIRI,0.31
VIRT,22.33
VIRX,2.9
VISL,0.42
VIST,14.25
VITL,14.7
VIV,7.57
VIVE,0.452
VIVK,1.115
VIVO,31.83
VJET,3.24
VKTX,4.47
VLCN,1.34
VLD,2.8
VLD.WS,0.42
VLDR,1.14
VLDRW,0.51
VLGEA,22.94
VLN,3.97
VLN.WS,0.275
VLNS,0.848
VLO,140.71
VLON,0.269
VLRS,10.55
VLTA,0.721
VLTA.WS,0.17
VLY,12.64
VLYPO,25.21
VLYPP,22.91
VMAR,4.48
VMC,175.9
VMCA,10.25
VMD,6.99
VMEO,4.62
VMI,322.45
VMW,116.29
VNCE,7.84
VNDA,10.67
VNET,5.99
VNO,25.11
VNO-PL,18.06
VNO-PM,17.71
VNO-PN,17.59
VNO-PO,16.01
VNOM,33.4
VNRX,1.76
VNT,20.19
VNTR,0.75
VOD,11.47
VOR,4.61
VORB,2.88
VORBW,0.283
VOXR,2.6
VOXX,11.1
VOYA,63.4
VOYA-PB,20.91
VPCBU,10.0
VPCBW,0.02
VPG,38.87
VQS,0.33
VRA,3.62
VRAR,4.57
VRAX,1.48
VRAY,4.51
VRCA,2.28
VRDN,22.845
VRE,14.63
VREX,22.06
VRM,2.5916
VRME,1.31
VRMEW,0.224
VRNA,12.37
VRNS,21.59
VRNT,40.01
VRPX,0.858
VRRM,15.32
VRSK,177.0
VRSN,195.53
VRT,14.7
VRTS,193.27
VRTV,128.66
VRTX,305.28
VS,2.15
VSAC,10.172
VSAT,35.95
VSCO,44.44
VSEC,49.62
VSH,22.56
VST,22.7
VST.WSA,0.221
VSTA,4.65
VSTM,0.419
VSTO,27.26
VTEX,4.43
VTGN,0.159
VTIQ,10.01
VTIQU,10.028
VTIQW,0.014
VTNR,8.33
VTOL,26.78
VTR,44.93
VTRS,11.32
VTRU,20.99
VTSI,4.7
VTVT,0.88
VTYX,25.78
VUZI,4.76
VVI,29.48
VVNT,9.88
VVOS,0.686
VVPR,0.354
VVV,33.53
VVX,42.04
VWE,3.07
VWEWW,0.32
VXRT,1.59
VYGR,5.53
VYNE,0.246
VYNT,1.52
VZ,37.7
VZIO,10.99
VZLA,1.105
W,42.16
WAB,99.39
WABC,61.41
WAFD,35.71
WAFDP,19.12
WAFU,2.235
WAL,73.7
WAL-PA,21.2
WALD,10.0
WALDW,0.7
WASH,48.99
WAT,329.79
WATT,1.03
WAVC.WS,0.11
WAVD,0.738
WAVE,3.824
WAVS,10.06
WB,15.35
WBA,40.65
WBD,11.33
WBEV,0.45
WBS,53.12
WBS-PF,19.47
WBS-PG,23.75
WBX,6.05
WBX.WS,1.01
WCC,128.78
WCC-PA,26.92
WCN,136.11
WD,84.77
WDAY,160.74
WDC,39.46
WDFC,174.54
WDH,1.6
WDS,26.45
WE,3.06
WE.WS,0.38
WEAV,4.53
WEBR,7.22
WEC,93.26
WEJO,0.861
WEJOW,0.08
WEL,10.19
WEL.WS,0.02
WELL,69.91
WEN,20.8
WERN,42.98
WES,27.44
WEST,13.23
WESTW,1.65
WETG,1.18
WEX,163.25
WEYS,24.11
WF,27.29
WFC,46.71
WFC-PA,19.41
WFC-PC,17.89
WFC-PD,17.5
WFC-PL,1228.0
WFC-PQ,23.23
WFC-PR,25.32
WFC-PY,23.26
WFC-PZ,19.45
WFCF,11.09
WFG,86.04
WFRD,43.04
WGO,57.97
WH,72.97
WHD,56.34
WHF,12.7
WHG,10.91
WHLM,3.9
WHLR,1.95
WHLRD,11.75
WHLRP,3.08
WHR,154.51
WILC,15.14
WIMI,0.795
WINA,234.21
WING,167.03
WINT,0.175
WINV,10.16
WINVU,10.17
WIRE,151.93
WISA,0.305
WISH,0.801
WIT,4.99
WIX,91.24
WK,80.38
WKEY,1.74
WKHS,2.83
WKME,9.03
WKSP,1.779
WKSPW,0.22
WLDN,17.17
WLDS,0.64
WLDSW,0.122
WLFC,43.02
WLK,107.98
WLKP,22.81
WLMS,1.14
WLY,47.09
WLYB,45.66
WM,157.09
WMB,33.9
WMC,8.25
WMG,28.88
WMK,87.91
WMPN,11.32
WMS,88.98
WMT,147.44
WNC,24.82
WNEB,9.16
WNNR,10.22
WNNR.U,10.19
WNS,83.69
WNW,1.31
WOLF,93.81
WOOF,10.55
WOR,56.46
WORX,0.565
WOW,11.18
WPC,78.52
WPCA,10.01
WPCB,10.0
WPCB.U,10.0
WPM,37.41
WPP,51.28
WPRT,0.8
WQGA,10.13
WQGA.U,10.12
WRAC,10.15
WRAC.WS,0.03
WRAP,2.0
WRB,69.11
WRB-PE,23.1
WRB-PF,21.1
WRB-PG,17.97
WRB-PH,17.43
WRBY,18.8
WRK,36.62
WRLD,75.13
WRN,1.71
WSBC,40.27
WSBCP,25.11
WSBF,16.65
WSC,46.36
WSFS,49.02
WSM,135.36
WSO,283.23
WSO.B,284.97
WSR,9.28
WST,247.69
WT,5.23
WTBA,22.92
WTER,0.251
WTFC,90.0
WTFCM,24.0
WTFCP,24.99
WTI,7.84
WTM,1320.85
WTMA,10.04
WTMAR,0.19
WTMAU,10.16
WTRG,47.31
WTRH,0.119
WTS,156.69
WTT,1.56
WTTR,8.53
WTW,233.0
WU,14.07
WULF,1.24
WVE,3.18
WVVI,6.12
WVVIP,5.1
WW,4.05
WWAC,10.08
WWACU,10.07
WWD,99.58
WWE,76.91
WWR,1.15
WWW,11.42
WY,32.74
WYNN,78.4
WYY,2.35
X,24.21
XAIR,6.2
XBIO,0.425
XBIOW,0.001
XBIT,3.62
XCUR,1.15
XEL,67.39
XELA,0.278
XELAP,3.875
XELB,0.912
XENE,34.79
XERS,1.39
XFIN,10.06
XFINW,0.04
XFOR,1.9
XGN,2.99
XHR,15.06
XIN,0.51
XLO,2.4
XM,11.56
XMTR,44.86
XNCR,29.87
XNET,1.79
XOM,114.13
XOMA,18.29
XOMAO,23.2
XOMAP,23.52
XOS,0.922
XOSWW,0.09
XP,19.49
XPAX,9.91
XPAXU,9.95
XPAXW,0.08
XPEL,65.76
XPER,11.34
XPEV,9.02
XPL,0.569
XPO,39.84
XPOF,21.95
XPON,1.24
XPRO,19.0
XRAY,31.34
XRTX,0.901
XRX,15.75
XTLB,1.42
XTNT,0.63
XWEL,0.5
XXII,1.28
XYF,2.2
XYL,112.13
YALA,4.08
YCBD,0.263
YCBD-PA,4.14
YELL,3.69
YELP,30.78
YETI,44.22
YEXT,5.31
YGMZ,1.79
YI,2.98
YJ,0.812
YMAB,4.46
YMM,7.35
YMTX,1.82
YORW,44.04
YOSH,1.43
YOTA,9.95
YOTAU,10.063
YOU,29.0
YPF,8.08
YQ,0.98
YRD,1.53
YSG,1.35
YTEN,2.67
YTPG,9.85
YTRA,2.35
YUM,123.31
YUMC,53.02
YVR,0.278
YY,32.29
Z,37.75
ZBH,115.12
ZBRA,261.59
ZCMD,1.2
ZD,89.71
ZDGE,2.23
ZEN,76.62
ZENV,1.74
ZEPP,1.38
ZEST,1.04
ZETA,8.66
ZEUS,30.51
ZEV,1.15
ZEV.WS,0.13
ZFOX,4.09
ZFOXW,0.1
ZG,37.26
ZGN,10.8
ZGN.WS,1.88
ZH,1.27
ZI,31.69
ZIM,26.37
ZIMV,9.8
ZING,10.03
ZINGU,10.04
ZION,53.12
ZIONO,25.21
ZIONP,18.4
ZIP,16.84
ZIVO,2.8
ZIVOW,0.64
ZKIN,0.65
ZLAB,38.71
ZM,87.44
ZNH,29.86
ZNTL,22.94
ZOM,0.227
ZS,147.26
ZT,9.86
ZTAQW,0.135
ZTEK,1.52
ZTO,22.22
ZTS,149.82
ZUMZ,24.52
ZUO,8.35
ZVIA,3.58
ZWRK,10.01
ZWRKU,9.99
ZWRKW,0.001
ZWS,24.69
ZYME,8.49
ZYNE,0.64
ZYXI,13.54
ALBT,0.462
AMPX.WS,0.33
EFC-PB,19.43
GRNT.WS,1.11
GWAV,1.0
HPP-PC,15.01
KKR-PC,66.61
LLAP.WS,0.18
NCPL,1.65
OABIW,0.39
SCLX,9.2
SCLXW,0.157
SES.WS,1.05
SFE,3.77
SLNAW,0.24
SPRU,1.09
STRY.WS,0.019
